date,date_key,year,quarter,year_quarter,month_number,month,month_short,year_month,week_number,day,day_of_week,day_of_week_num,is_weekend
2014-01-03,20140103,2014,Q1,2014-Q1,1,January,Jan,2014-01,1,3,Friday,5,0
2014-01-04,20140104,2014,Q1,2014-Q1,1,January,Jan,2014-01,1,4,Saturday,6,1
2014-01-05,20140105,2014,Q1,2014-Q1,1,January,Jan,2014-01,1,5,Sunday,7,1
2014-01-06,20140106,2014,Q1,2014-Q1,1,January,Jan,2014-01,2,6,Monday,1,0
2014-01-07,20140107,2014,Q1,2014-Q1,1,January,Jan,2014-01,2,7,Tuesday,2,0
2014-01-08,20140108,2014,Q1,2014-Q1,1,January,Jan,2014-01,2,8,Wednesday,3,0
2014-01-09,20140109,2014,Q1,2014-Q1,1,January,Jan,2014-01,2,9,Thursday,4,0
2014-01-10,20140110,2014,Q1,2014-Q1,1,January,Jan,2014-01,2,10,Friday,5,0
2014-01-11,20140111,2014,Q1,2014-Q1,1,January,Jan,2014-01,2,11,Saturday,6,1
2014-01-12,20140112,2014,Q1,2014-Q1,1,January,Jan,2014-01,2,12,Sunday,7,1
2014-01-13,20140113,2014,Q1,2014-Q1,1,January,Jan,2014-01,3,13,Monday,1,0
2014-01-14,20140114,2014,Q1,2014-Q1,1,January,Jan,2014-01,3,14,Tuesday,2,0
2014-01-15,20140115,2014,Q1,2014-Q1,1,January,Jan,2014-01,3,15,Wednesday,3,0
2014-01-16,20140116,2014,Q1,2014-Q1,1,January,Jan,2014-01,3,16,Thursday,4,0
2014-01-17,20140117,2014,Q1,2014-Q1,1,January,Jan,2014-01,3,17,Friday,5,0
2014-01-18,20140118,2014,Q1,2014-Q1,1,January,Jan,2014-01,3,18,Saturday,6,1
2014-01-19,20140119,2014,Q1,2014-Q1,1,January,Jan,2014-01,3,19,Sunday,7,1
2014-01-20,20140120,2014,Q1,2014-Q1,1,January,Jan,2014-01,4,20,Monday,1,0
2014-01-21,20140121,2014,Q1,2014-Q1,1,January,Jan,2014-01,4,21,Tuesday,2,0
2014-01-22,20140122,2014,Q1,2014-Q1,1,January,Jan,2014-01,4,22,Wednesday,3,0
2014-01-23,20140123,2014,Q1,2014-Q1,1,January,Jan,2014-01,4,23,Thursday,4,0
2014-01-24,20140124,2014,Q1,2014-Q1,1,January,Jan,2014-01,4,24,Friday,5,0
2014-01-25,20140125,2014,Q1,2014-Q1,1,January,Jan,2014-01,4,25,Saturday,6,1
2014-01-26,20140126,2014,Q1,2014-Q1,1,January,Jan,2014-01,4,26,Sunday,7,1
2014-01-27,20140127,2014,Q1,2014-Q1,1,January,Jan,2014-01,5,27,Monday,1,0
2014-01-28,20140128,2014,Q1,2014-Q1,1,January,Jan,2014-01,5,28,Tuesday,2,0
2014-01-29,20140129,2014,Q1,2014-Q1,1,January,Jan,2014-01,5,29,Wednesday,3,0
2014-01-30,20140130,2014,Q1,2014-Q1,1,January,Jan,2014-01,5,30,Thursday,4,0
2014-01-31,20140131,2014,Q1,2014-Q1,1,January,Jan,2014-01,5,31,Friday,5,0
2014-02-01,20140201,2014,Q1,2014-Q1,2,February,Feb,2014-02,5,1,Saturday,6,1
2014-02-02,20140202,2014,Q1,2014-Q1,2,February,Feb,2014-02,5,2,Sunday,7,1
2014-02-03,20140203,2014,Q1,2014-Q1,2,February,Feb,2014-02,6,3,Monday,1,0
2014-02-04,20140204,2014,Q1,2014-Q1,2,February,Feb,2014-02,6,4,Tuesday,2,0
2014-02-05,20140205,2014,Q1,2014-Q1,2,February,Feb,2014-02,6,5,Wednesday,3,0
2014-02-06,20140206,2014,Q1,2014-Q1,2,February,Feb,2014-02,6,6,Thursday,4,0
2014-02-07,20140207,2014,Q1,2014-Q1,2,February,Feb,2014-02,6,7,Friday,5,0
2014-02-08,20140208,2014,Q1,2014-Q1,2,February,Feb,2014-02,6,8,Saturday,6,1
2014-02-09,20140209,2014,Q1,2014-Q1,2,February,Feb,2014-02,6,9,Sunday,7,1
2014-02-10,20140210,2014,Q1,2014-Q1,2,February,Feb,2014-02,7,10,Monday,1,0
2014-02-11,20140211,2014,Q1,2014-Q1,2,February,Feb,2014-02,7,11,Tuesday,2,0
2014-02-12,20140212,2014,Q1,2014-Q1,2,February,Feb,2014-02,7,12,Wednesday,3,0
2014-02-13,20140213,2014,Q1,2014-Q1,2,February,Feb,2014-02,7,13,Thursday,4,0
2014-02-14,20140214,2014,Q1,2014-Q1,2,February,Feb,2014-02,7,14,Friday,5,0
2014-02-15,20140215,2014,Q1,2014-Q1,2,February,Feb,2014-02,7,15,Saturday,6,1
2014-02-16,20140216,2014,Q1,2014-Q1,2,February,Feb,2014-02,7,16,Sunday,7,1
2014-02-17,20140217,2014,Q1,2014-Q1,2,February,Feb,2014-02,8,17,Monday,1,0
2014-02-18,20140218,2014,Q1,2014-Q1,2,February,Feb,2014-02,8,18,Tuesday,2,0
2014-02-19,20140219,2014,Q1,2014-Q1,2,February,Feb,2014-02,8,19,Wednesday,3,0
2014-02-20,20140220,2014,Q1,2014-Q1,2,February,Feb,2014-02,8,20,Thursday,4,0
2014-02-21,20140221,2014,Q1,2014-Q1,2,February,Feb,2014-02,8,21,Friday,5,0
2014-02-22,20140222,2014,Q1,2014-Q1,2,February,Feb,2014-02,8,22,Saturday,6,1
2014-02-23,20140223,2014,Q1,2014-Q1,2,February,Feb,2014-02,8,23,Sunday,7,1
2014-02-24,20140224,2014,Q1,2014-Q1,2,February,Feb,2014-02,9,24,Monday,1,0
2014-02-25,20140225,2014,Q1,2014-Q1,2,February,Feb,2014-02,9,25,Tuesday,2,0
2014-02-26,20140226,2014,Q1,2014-Q1,2,February,Feb,2014-02,9,26,Wednesday,3,0
2014-02-27,20140227,2014,Q1,2014-Q1,2,February,Feb,2014-02,9,27,Thursday,4,0
2014-02-28,20140228,2014,Q1,2014-Q1,2,February,Feb,2014-02,9,28,Friday,5,0
2014-03-01,20140301,2014,Q1,2014-Q1,3,March,Mar,2014-03,9,1,Saturday,6,1
2014-03-02,20140302,2014,Q1,2014-Q1,3,March,Mar,2014-03,9,2,Sunday,7,1
2014-03-03,20140303,2014,Q1,2014-Q1,3,March,Mar,2014-03,10,3,Monday,1,0
2014-03-04,20140304,2014,Q1,2014-Q1,3,March,Mar,2014-03,10,4,Tuesday,2,0
2014-03-05,20140305,2014,Q1,2014-Q1,3,March,Mar,2014-03,10,5,Wednesday,3,0
2014-03-06,20140306,2014,Q1,2014-Q1,3,March,Mar,2014-03,10,6,Thursday,4,0
2014-03-07,20140307,2014,Q1,2014-Q1,3,March,Mar,2014-03,10,7,Friday,5,0
2014-03-08,20140308,2014,Q1,2014-Q1,3,March,Mar,2014-03,10,8,Saturday,6,1
2014-03-09,20140309,2014,Q1,2014-Q1,3,March,Mar,2014-03,10,9,Sunday,7,1
2014-03-10,20140310,2014,Q1,2014-Q1,3,March,Mar,2014-03,11,10,Monday,1,0
2014-03-11,20140311,2014,Q1,2014-Q1,3,March,Mar,2014-03,11,11,Tuesday,2,0
2014-03-12,20140312,2014,Q1,2014-Q1,3,March,Mar,2014-03,11,12,Wednesday,3,0
2014-03-13,20140313,2014,Q1,2014-Q1,3,March,Mar,2014-03,11,13,Thursday,4,0
2014-03-14,20140314,2014,Q1,2014-Q1,3,March,Mar,2014-03,11,14,Friday,5,0
2014-03-15,20140315,2014,Q1,2014-Q1,3,March,Mar,2014-03,11,15,Saturday,6,1
2014-03-16,20140316,2014,Q1,2014-Q1,3,March,Mar,2014-03,11,16,Sunday,7,1
2014-03-17,20140317,2014,Q1,2014-Q1,3,March,Mar,2014-03,12,17,Monday,1,0
2014-03-18,20140318,2014,Q1,2014-Q1,3,March,Mar,2014-03,12,18,Tuesday,2,0
2014-03-19,20140319,2014,Q1,2014-Q1,3,March,Mar,2014-03,12,19,Wednesday,3,0
2014-03-20,20140320,2014,Q1,2014-Q1,3,March,Mar,2014-03,12,20,Thursday,4,0
2014-03-21,20140321,2014,Q1,2014-Q1,3,March,Mar,2014-03,12,21,Friday,5,0
2014-03-22,20140322,2014,Q1,2014-Q1,3,March,Mar,2014-03,12,22,Saturday,6,1
2014-03-23,20140323,2014,Q1,2014-Q1,3,March,Mar,2014-03,12,23,Sunday,7,1
2014-03-24,20140324,2014,Q1,2014-Q1,3,March,Mar,2014-03,13,24,Monday,1,0
2014-03-25,20140325,2014,Q1,2014-Q1,3,March,Mar,2014-03,13,25,Tuesday,2,0
2014-03-26,20140326,2014,Q1,2014-Q1,3,March,Mar,2014-03,13,26,Wednesday,3,0
2014-03-27,20140327,2014,Q1,2014-Q1,3,March,Mar,2014-03,13,27,Thursday,4,0
2014-03-28,20140328,2014,Q1,2014-Q1,3,March,Mar,2014-03,13,28,Friday,5,0
2014-03-29,20140329,2014,Q1,2014-Q1,3,March,Mar,2014-03,13,29,Saturday,6,1
2014-03-30,20140330,2014,Q1,2014-Q1,3,March,Mar,2014-03,13,30,Sunday,7,1
2014-03-31,20140331,2014,Q1,2014-Q1,3,March,Mar,2014-03,14,31,Monday,1,0
2014-04-01,20140401,2014,Q2,2014-Q2,4,April,Apr,2014-04,14,1,Tuesday,2,0
2014-04-02,20140402,2014,Q2,2014-Q2,4,April,Apr,2014-04,14,2,Wednesday,3,0
2014-04-03,20140403,2014,Q2,2014-Q2,4,April,Apr,2014-04,14,3,Thursday,4,0
2014-04-04,20140404,2014,Q2,2014-Q2,4,April,Apr,2014-04,14,4,Friday,5,0
2014-04-05,20140405,2014,Q2,2014-Q2,4,April,Apr,2014-04,14,5,Saturday,6,1
2014-04-06,20140406,2014,Q2,2014-Q2,4,April,Apr,2014-04,14,6,Sunday,7,1
2014-04-07,20140407,2014,Q2,2014-Q2,4,April,Apr,2014-04,15,7,Monday,1,0
2014-04-08,20140408,2014,Q2,2014-Q2,4,April,Apr,2014-04,15,8,Tuesday,2,0
2014-04-09,20140409,2014,Q2,2014-Q2,4,April,Apr,2014-04,15,9,Wednesday,3,0
2014-04-10,20140410,2014,Q2,2014-Q2,4,April,Apr,2014-04,15,10,Thursday,4,0
2014-04-11,20140411,2014,Q2,2014-Q2,4,April,Apr,2014-04,15,11,Friday,5,0
2014-04-12,20140412,2014,Q2,2014-Q2,4,April,Apr,2014-04,15,12,Saturday,6,1
2014-04-13,20140413,2014,Q2,2014-Q2,4,April,Apr,2014-04,15,13,Sunday,7,1
2014-04-14,20140414,2014,Q2,2014-Q2,4,April,Apr,2014-04,16,14,Monday,1,0
2014-04-15,20140415,2014,Q2,2014-Q2,4,April,Apr,2014-04,16,15,Tuesday,2,0
2014-04-16,20140416,2014,Q2,2014-Q2,4,April,Apr,2014-04,16,16,Wednesday,3,0
2014-04-17,20140417,2014,Q2,2014-Q2,4,April,Apr,2014-04,16,17,Thursday,4,0
2014-04-18,20140418,2014,Q2,2014-Q2,4,April,Apr,2014-04,16,18,Friday,5,0
2014-04-19,20140419,2014,Q2,2014-Q2,4,April,Apr,2014-04,16,19,Saturday,6,1
2014-04-20,20140420,2014,Q2,2014-Q2,4,April,Apr,2014-04,16,20,Sunday,7,1
2014-04-21,20140421,2014,Q2,2014-Q2,4,April,Apr,2014-04,17,21,Monday,1,0
2014-04-22,20140422,2014,Q2,2014-Q2,4,April,Apr,2014-04,17,22,Tuesday,2,0
2014-04-23,20140423,2014,Q2,2014-Q2,4,April,Apr,2014-04,17,23,Wednesday,3,0
2014-04-24,20140424,2014,Q2,2014-Q2,4,April,Apr,2014-04,17,24,Thursday,4,0
2014-04-25,20140425,2014,Q2,2014-Q2,4,April,Apr,2014-04,17,25,Friday,5,0
2014-04-26,20140426,2014,Q2,2014-Q2,4,April,Apr,2014-04,17,26,Saturday,6,1
2014-04-27,20140427,2014,Q2,2014-Q2,4,April,Apr,2014-04,17,27,Sunday,7,1
2014-04-28,20140428,2014,Q2,2014-Q2,4,April,Apr,2014-04,18,28,Monday,1,0
2014-04-29,20140429,2014,Q2,2014-Q2,4,April,Apr,2014-04,18,29,Tuesday,2,0
2014-04-30,20140430,2014,Q2,2014-Q2,4,April,Apr,2014-04,18,30,Wednesday,3,0
2014-05-01,20140501,2014,Q2,2014-Q2,5,May,May,2014-05,18,1,Thursday,4,0
2014-05-02,20140502,2014,Q2,2014-Q2,5,May,May,2014-05,18,2,Friday,5,0
2014-05-03,20140503,2014,Q2,2014-Q2,5,May,May,2014-05,18,3,Saturday,6,1
2014-05-04,20140504,2014,Q2,2014-Q2,5,May,May,2014-05,18,4,Sunday,7,1
2014-05-05,20140505,2014,Q2,2014-Q2,5,May,May,2014-05,19,5,Monday,1,0
2014-05-06,20140506,2014,Q2,2014-Q2,5,May,May,2014-05,19,6,Tuesday,2,0
2014-05-07,20140507,2014,Q2,2014-Q2,5,May,May,2014-05,19,7,Wednesday,3,0
2014-05-08,20140508,2014,Q2,2014-Q2,5,May,May,2014-05,19,8,Thursday,4,0
2014-05-09,20140509,2014,Q2,2014-Q2,5,May,May,2014-05,19,9,Friday,5,0
2014-05-10,20140510,2014,Q2,2014-Q2,5,May,May,2014-05,19,10,Saturday,6,1
2014-05-11,20140511,2014,Q2,2014-Q2,5,May,May,2014-05,19,11,Sunday,7,1
2014-05-12,20140512,2014,Q2,2014-Q2,5,May,May,2014-05,20,12,Monday,1,0
2014-05-13,20140513,2014,Q2,2014-Q2,5,May,May,2014-05,20,13,Tuesday,2,0
2014-05-14,20140514,2014,Q2,2014-Q2,5,May,May,2014-05,20,14,Wednesday,3,0
2014-05-15,20140515,2014,Q2,2014-Q2,5,May,May,2014-05,20,15,Thursday,4,0
2014-05-16,20140516,2014,Q2,2014-Q2,5,May,May,2014-05,20,16,Friday,5,0
2014-05-17,20140517,2014,Q2,2014-Q2,5,May,May,2014-05,20,17,Saturday,6,1
2014-05-18,20140518,2014,Q2,2014-Q2,5,May,May,2014-05,20,18,Sunday,7,1
2014-05-19,20140519,2014,Q2,2014-Q2,5,May,May,2014-05,21,19,Monday,1,0
2014-05-20,20140520,2014,Q2,2014-Q2,5,May,May,2014-05,21,20,Tuesday,2,0
2014-05-21,20140521,2014,Q2,2014-Q2,5,May,May,2014-05,21,21,Wednesday,3,0
2014-05-22,20140522,2014,Q2,2014-Q2,5,May,May,2014-05,21,22,Thursday,4,0
2014-05-23,20140523,2014,Q2,2014-Q2,5,May,May,2014-05,21,23,Friday,5,0
2014-05-24,20140524,2014,Q2,2014-Q2,5,May,May,2014-05,21,24,Saturday,6,1
2014-05-25,20140525,2014,Q2,2014-Q2,5,May,May,2014-05,21,25,Sunday,7,1
2014-05-26,20140526,2014,Q2,2014-Q2,5,May,May,2014-05,22,26,Monday,1,0
2014-05-27,20140527,2014,Q2,2014-Q2,5,May,May,2014-05,22,27,Tuesday,2,0
2014-05-28,20140528,2014,Q2,2014-Q2,5,May,May,2014-05,22,28,Wednesday,3,0
2014-05-29,20140529,2014,Q2,2014-Q2,5,May,May,2014-05,22,29,Thursday,4,0
2014-05-30,20140530,2014,Q2,2014-Q2,5,May,May,2014-05,22,30,Friday,5,0
2014-05-31,20140531,2014,Q2,2014-Q2,5,May,May,2014-05,22,31,Saturday,6,1
2014-06-01,20140601,2014,Q2,2014-Q2,6,June,Jun,2014-06,22,1,Sunday,7,1
2014-06-02,20140602,2014,Q2,2014-Q2,6,June,Jun,2014-06,23,2,Monday,1,0
2014-06-03,20140603,2014,Q2,2014-Q2,6,June,Jun,2014-06,23,3,Tuesday,2,0
2014-06-04,20140604,2014,Q2,2014-Q2,6,June,Jun,2014-06,23,4,Wednesday,3,0
2014-06-05,20140605,2014,Q2,2014-Q2,6,June,Jun,2014-06,23,5,Thursday,4,0
2014-06-06,20140606,2014,Q2,2014-Q2,6,June,Jun,2014-06,23,6,Friday,5,0
2014-06-07,20140607,2014,Q2,2014-Q2,6,June,Jun,2014-06,23,7,Saturday,6,1
2014-06-08,20140608,2014,Q2,2014-Q2,6,June,Jun,2014-06,23,8,Sunday,7,1
2014-06-09,20140609,2014,Q2,2014-Q2,6,June,Jun,2014-06,24,9,Monday,1,0
2014-06-10,20140610,2014,Q2,2014-Q2,6,June,Jun,2014-06,24,10,Tuesday,2,0
2014-06-11,20140611,2014,Q2,2014-Q2,6,June,Jun,2014-06,24,11,Wednesday,3,0
2014-06-12,20140612,2014,Q2,2014-Q2,6,June,Jun,2014-06,24,12,Thursday,4,0
2014-06-13,20140613,2014,Q2,2014-Q2,6,June,Jun,2014-06,24,13,Friday,5,0
2014-06-14,20140614,2014,Q2,2014-Q2,6,June,Jun,2014-06,24,14,Saturday,6,1
2014-06-15,20140615,2014,Q2,2014-Q2,6,June,Jun,2014-06,24,15,Sunday,7,1
2014-06-16,20140616,2014,Q2,2014-Q2,6,June,Jun,2014-06,25,16,Monday,1,0
2014-06-17,20140617,2014,Q2,2014-Q2,6,June,Jun,2014-06,25,17,Tuesday,2,0
2014-06-18,20140618,2014,Q2,2014-Q2,6,June,Jun,2014-06,25,18,Wednesday,3,0
2014-06-19,20140619,2014,Q2,2014-Q2,6,June,Jun,2014-06,25,19,Thursday,4,0
2014-06-20,20140620,2014,Q2,2014-Q2,6,June,Jun,2014-06,25,20,Friday,5,0
2014-06-21,20140621,2014,Q2,2014-Q2,6,June,Jun,2014-06,25,21,Saturday,6,1
2014-06-22,20140622,2014,Q2,2014-Q2,6,June,Jun,2014-06,25,22,Sunday,7,1
2014-06-23,20140623,2014,Q2,2014-Q2,6,June,Jun,2014-06,26,23,Monday,1,0
2014-06-24,20140624,2014,Q2,2014-Q2,6,June,Jun,2014-06,26,24,Tuesday,2,0
2014-06-25,20140625,2014,Q2,2014-Q2,6,June,Jun,2014-06,26,25,Wednesday,3,0
2014-06-26,20140626,2014,Q2,2014-Q2,6,June,Jun,2014-06,26,26,Thursday,4,0
2014-06-27,20140627,2014,Q2,2014-Q2,6,June,Jun,2014-06,26,27,Friday,5,0
2014-06-28,20140628,2014,Q2,2014-Q2,6,June,Jun,2014-06,26,28,Saturday,6,1
2014-06-29,20140629,2014,Q2,2014-Q2,6,June,Jun,2014-06,26,29,Sunday,7,1
2014-06-30,20140630,2014,Q2,2014-Q2,6,June,Jun,2014-06,27,30,Monday,1,0
2014-07-01,20140701,2014,Q3,2014-Q3,7,July,Jul,2014-07,27,1,Tuesday,2,0
2014-07-02,20140702,2014,Q3,2014-Q3,7,July,Jul,2014-07,27,2,Wednesday,3,0
2014-07-03,20140703,2014,Q3,2014-Q3,7,July,Jul,2014-07,27,3,Thursday,4,0
2014-07-04,20140704,2014,Q3,2014-Q3,7,July,Jul,2014-07,27,4,Friday,5,0
2014-07-05,20140705,2014,Q3,2014-Q3,7,July,Jul,2014-07,27,5,Saturday,6,1
2014-07-06,20140706,2014,Q3,2014-Q3,7,July,Jul,2014-07,27,6,Sunday,7,1
2014-07-07,20140707,2014,Q3,2014-Q3,7,July,Jul,2014-07,28,7,Monday,1,0
2014-07-08,20140708,2014,Q3,2014-Q3,7,July,Jul,2014-07,28,8,Tuesday,2,0
2014-07-09,20140709,2014,Q3,2014-Q3,7,July,Jul,2014-07,28,9,Wednesday,3,0
2014-07-10,20140710,2014,Q3,2014-Q3,7,July,Jul,2014-07,28,10,Thursday,4,0
2014-07-11,20140711,2014,Q3,2014-Q3,7,July,Jul,2014-07,28,11,Friday,5,0
2014-07-12,20140712,2014,Q3,2014-Q3,7,July,Jul,2014-07,28,12,Saturday,6,1
2014-07-13,20140713,2014,Q3,2014-Q3,7,July,Jul,2014-07,28,13,Sunday,7,1
2014-07-14,20140714,2014,Q3,2014-Q3,7,July,Jul,2014-07,29,14,Monday,1,0
2014-07-15,20140715,2014,Q3,2014-Q3,7,July,Jul,2014-07,29,15,Tuesday,2,0
2014-07-16,20140716,2014,Q3,2014-Q3,7,July,Jul,2014-07,29,16,Wednesday,3,0
2014-07-17,20140717,2014,Q3,2014-Q3,7,July,Jul,2014-07,29,17,Thursday,4,0
2014-07-18,20140718,2014,Q3,2014-Q3,7,July,Jul,2014-07,29,18,Friday,5,0
2014-07-19,20140719,2014,Q3,2014-Q3,7,July,Jul,2014-07,29,19,Saturday,6,1
2014-07-20,20140720,2014,Q3,2014-Q3,7,July,Jul,2014-07,29,20,Sunday,7,1
2014-07-21,20140721,2014,Q3,2014-Q3,7,July,Jul,2014-07,30,21,Monday,1,0
2014-07-22,20140722,2014,Q3,2014-Q3,7,July,Jul,2014-07,30,22,Tuesday,2,0
2014-07-23,20140723,2014,Q3,2014-Q3,7,July,Jul,2014-07,30,23,Wednesday,3,0
2014-07-24,20140724,2014,Q3,2014-Q3,7,July,Jul,2014-07,30,24,Thursday,4,0
2014-07-25,20140725,2014,Q3,2014-Q3,7,July,Jul,2014-07,30,25,Friday,5,0
2014-07-26,20140726,2014,Q3,2014-Q3,7,July,Jul,2014-07,30,26,Saturday,6,1
2014-07-27,20140727,2014,Q3,2014-Q3,7,July,Jul,2014-07,30,27,Sunday,7,1
2014-07-28,20140728,2014,Q3,2014-Q3,7,July,Jul,2014-07,31,28,Monday,1,0
2014-07-29,20140729,2014,Q3,2014-Q3,7,July,Jul,2014-07,31,29,Tuesday,2,0
2014-07-30,20140730,2014,Q3,2014-Q3,7,July,Jul,2014-07,31,30,Wednesday,3,0
2014-07-31,20140731,2014,Q3,2014-Q3,7,July,Jul,2014-07,31,31,Thursday,4,0
2014-08-01,20140801,2014,Q3,2014-Q3,8,August,Aug,2014-08,31,1,Friday,5,0
2014-08-02,20140802,2014,Q3,2014-Q3,8,August,Aug,2014-08,31,2,Saturday,6,1
2014-08-03,20140803,2014,Q3,2014-Q3,8,August,Aug,2014-08,31,3,Sunday,7,1
2014-08-04,20140804,2014,Q3,2014-Q3,8,August,Aug,2014-08,32,4,Monday,1,0
2014-08-05,20140805,2014,Q3,2014-Q3,8,August,Aug,2014-08,32,5,Tuesday,2,0
2014-08-06,20140806,2014,Q3,2014-Q3,8,August,Aug,2014-08,32,6,Wednesday,3,0
2014-08-07,20140807,2014,Q3,2014-Q3,8,August,Aug,2014-08,32,7,Thursday,4,0
2014-08-08,20140808,2014,Q3,2014-Q3,8,August,Aug,2014-08,32,8,Friday,5,0
2014-08-09,20140809,2014,Q3,2014-Q3,8,August,Aug,2014-08,32,9,Saturday,6,1
2014-08-10,20140810,2014,Q3,2014-Q3,8,August,Aug,2014-08,32,10,Sunday,7,1
2014-08-11,20140811,2014,Q3,2014-Q3,8,August,Aug,2014-08,33,11,Monday,1,0
2014-08-12,20140812,2014,Q3,2014-Q3,8,August,Aug,2014-08,33,12,Tuesday,2,0
2014-08-13,20140813,2014,Q3,2014-Q3,8,August,Aug,2014-08,33,13,Wednesday,3,0
2014-08-14,20140814,2014,Q3,2014-Q3,8,August,Aug,2014-08,33,14,Thursday,4,0
2014-08-15,20140815,2014,Q3,2014-Q3,8,August,Aug,2014-08,33,15,Friday,5,0
2014-08-16,20140816,2014,Q3,2014-Q3,8,August,Aug,2014-08,33,16,Saturday,6,1
2014-08-17,20140817,2014,Q3,2014-Q3,8,August,Aug,2014-08,33,17,Sunday,7,1
2014-08-18,20140818,2014,Q3,2014-Q3,8,August,Aug,2014-08,34,18,Monday,1,0
2014-08-19,20140819,2014,Q3,2014-Q3,8,August,Aug,2014-08,34,19,Tuesday,2,0
2014-08-20,20140820,2014,Q3,2014-Q3,8,August,Aug,2014-08,34,20,Wednesday,3,0
2014-08-21,20140821,2014,Q3,2014-Q3,8,August,Aug,2014-08,34,21,Thursday,4,0
2014-08-22,20140822,2014,Q3,2014-Q3,8,August,Aug,2014-08,34,22,Friday,5,0
2014-08-23,20140823,2014,Q3,2014-Q3,8,August,Aug,2014-08,34,23,Saturday,6,1
2014-08-24,20140824,2014,Q3,2014-Q3,8,August,Aug,2014-08,34,24,Sunday,7,1
2014-08-25,20140825,2014,Q3,2014-Q3,8,August,Aug,2014-08,35,25,Monday,1,0
2014-08-26,20140826,2014,Q3,2014-Q3,8,August,Aug,2014-08,35,26,Tuesday,2,0
2014-08-27,20140827,2014,Q3,2014-Q3,8,August,Aug,2014-08,35,27,Wednesday,3,0
2014-08-28,20140828,2014,Q3,2014-Q3,8,August,Aug,2014-08,35,28,Thursday,4,0
2014-08-29,20140829,2014,Q3,2014-Q3,8,August,Aug,2014-08,35,29,Friday,5,0
2014-08-30,20140830,2014,Q3,2014-Q3,8,August,Aug,2014-08,35,30,Saturday,6,1
2014-08-31,20140831,2014,Q3,2014-Q3,8,August,Aug,2014-08,35,31,Sunday,7,1
2014-09-01,20140901,2014,Q3,2014-Q3,9,September,Sep,2014-09,36,1,Monday,1,0
2014-09-02,20140902,2014,Q3,2014-Q3,9,September,Sep,2014-09,36,2,Tuesday,2,0
2014-09-03,20140903,2014,Q3,2014-Q3,9,September,Sep,2014-09,36,3,Wednesday,3,0
2014-09-04,20140904,2014,Q3,2014-Q3,9,September,Sep,2014-09,36,4,Thursday,4,0
2014-09-05,20140905,2014,Q3,2014-Q3,9,September,Sep,2014-09,36,5,Friday,5,0
2014-09-06,20140906,2014,Q3,2014-Q3,9,September,Sep,2014-09,36,6,Saturday,6,1
2014-09-07,20140907,2014,Q3,2014-Q3,9,September,Sep,2014-09,36,7,Sunday,7,1
2014-09-08,20140908,2014,Q3,2014-Q3,9,September,Sep,2014-09,37,8,Monday,1,0
2014-09-09,20140909,2014,Q3,2014-Q3,9,September,Sep,2014-09,37,9,Tuesday,2,0
2014-09-10,20140910,2014,Q3,2014-Q3,9,September,Sep,2014-09,37,10,Wednesday,3,0
2014-09-11,20140911,2014,Q3,2014-Q3,9,September,Sep,2014-09,37,11,Thursday,4,0
2014-09-12,20140912,2014,Q3,2014-Q3,9,September,Sep,2014-09,37,12,Friday,5,0
2014-09-13,20140913,2014,Q3,2014-Q3,9,September,Sep,2014-09,37,13,Saturday,6,1
2014-09-14,20140914,2014,Q3,2014-Q3,9,September,Sep,2014-09,37,14,Sunday,7,1
2014-09-15,20140915,2014,Q3,2014-Q3,9,September,Sep,2014-09,38,15,Monday,1,0
2014-09-16,20140916,2014,Q3,2014-Q3,9,September,Sep,2014-09,38,16,Tuesday,2,0
2014-09-17,20140917,2014,Q3,2014-Q3,9,September,Sep,2014-09,38,17,Wednesday,3,0
2014-09-18,20140918,2014,Q3,2014-Q3,9,September,Sep,2014-09,38,18,Thursday,4,0
2014-09-19,20140919,2014,Q3,2014-Q3,9,September,Sep,2014-09,38,19,Friday,5,0
2014-09-20,20140920,2014,Q3,2014-Q3,9,September,Sep,2014-09,38,20,Saturday,6,1
2014-09-21,20140921,2014,Q3,2014-Q3,9,September,Sep,2014-09,38,21,Sunday,7,1
2014-09-22,20140922,2014,Q3,2014-Q3,9,September,Sep,2014-09,39,22,Monday,1,0
2014-09-23,20140923,2014,Q3,2014-Q3,9,September,Sep,2014-09,39,23,Tuesday,2,0
2014-09-24,20140924,2014,Q3,2014-Q3,9,September,Sep,2014-09,39,24,Wednesday,3,0
2014-09-25,20140925,2014,Q3,2014-Q3,9,September,Sep,2014-09,39,25,Thursday,4,0
2014-09-26,20140926,2014,Q3,2014-Q3,9,September,Sep,2014-09,39,26,Friday,5,0
2014-09-27,20140927,2014,Q3,2014-Q3,9,September,Sep,2014-09,39,27,Saturday,6,1
2014-09-28,20140928,2014,Q3,2014-Q3,9,September,Sep,2014-09,39,28,Sunday,7,1
2014-09-29,20140929,2014,Q3,2014-Q3,9,September,Sep,2014-09,40,29,Monday,1,0
2014-09-30,20140930,2014,Q3,2014-Q3,9,September,Sep,2014-09,40,30,Tuesday,2,0
2014-10-01,20141001,2014,Q4,2014-Q4,10,October,Oct,2014-10,40,1,Wednesday,3,0
2014-10-02,20141002,2014,Q4,2014-Q4,10,October,Oct,2014-10,40,2,Thursday,4,0
2014-10-03,20141003,2014,Q4,2014-Q4,10,October,Oct,2014-10,40,3,Friday,5,0
2014-10-04,20141004,2014,Q4,2014-Q4,10,October,Oct,2014-10,40,4,Saturday,6,1
2014-10-05,20141005,2014,Q4,2014-Q4,10,October,Oct,2014-10,40,5,Sunday,7,1
2014-10-06,20141006,2014,Q4,2014-Q4,10,October,Oct,2014-10,41,6,Monday,1,0
2014-10-07,20141007,2014,Q4,2014-Q4,10,October,Oct,2014-10,41,7,Tuesday,2,0
2014-10-08,20141008,2014,Q4,2014-Q4,10,October,Oct,2014-10,41,8,Wednesday,3,0
2014-10-09,20141009,2014,Q4,2014-Q4,10,October,Oct,2014-10,41,9,Thursday,4,0
2014-10-10,20141010,2014,Q4,2014-Q4,10,October,Oct,2014-10,41,10,Friday,5,0
2014-10-11,20141011,2014,Q4,2014-Q4,10,October,Oct,2014-10,41,11,Saturday,6,1
2014-10-12,20141012,2014,Q4,2014-Q4,10,October,Oct,2014-10,41,12,Sunday,7,1
2014-10-13,20141013,2014,Q4,2014-Q4,10,October,Oct,2014-10,42,13,Monday,1,0
2014-10-14,20141014,2014,Q4,2014-Q4,10,October,Oct,2014-10,42,14,Tuesday,2,0
2014-10-15,20141015,2014,Q4,2014-Q4,10,October,Oct,2014-10,42,15,Wednesday,3,0
2014-10-16,20141016,2014,Q4,2014-Q4,10,October,Oct,2014-10,42,16,Thursday,4,0
2014-10-17,20141017,2014,Q4,2014-Q4,10,October,Oct,2014-10,42,17,Friday,5,0
2014-10-18,20141018,2014,Q4,2014-Q4,10,October,Oct,2014-10,42,18,Saturday,6,1
2014-10-19,20141019,2014,Q4,2014-Q4,10,October,Oct,2014-10,42,19,Sunday,7,1
2014-10-20,20141020,2014,Q4,2014-Q4,10,October,Oct,2014-10,43,20,Monday,1,0
2014-10-21,20141021,2014,Q4,2014-Q4,10,October,Oct,2014-10,43,21,Tuesday,2,0
2014-10-22,20141022,2014,Q4,2014-Q4,10,October,Oct,2014-10,43,22,Wednesday,3,0
2014-10-23,20141023,2014,Q4,2014-Q4,10,October,Oct,2014-10,43,23,Thursday,4,0
2014-10-24,20141024,2014,Q4,2014-Q4,10,October,Oct,2014-10,43,24,Friday,5,0
2014-10-25,20141025,2014,Q4,2014-Q4,10,October,Oct,2014-10,43,25,Saturday,6,1
2014-10-26,20141026,2014,Q4,2014-Q4,10,October,Oct,2014-10,43,26,Sunday,7,1
2014-10-27,20141027,2014,Q4,2014-Q4,10,October,Oct,2014-10,44,27,Monday,1,0
2014-10-28,20141028,2014,Q4,2014-Q4,10,October,Oct,2014-10,44,28,Tuesday,2,0
2014-10-29,20141029,2014,Q4,2014-Q4,10,October,Oct,2014-10,44,29,Wednesday,3,0
2014-10-30,20141030,2014,Q4,2014-Q4,10,October,Oct,2014-10,44,30,Thursday,4,0
2014-10-31,20141031,2014,Q4,2014-Q4,10,October,Oct,2014-10,44,31,Friday,5,0
2014-11-01,20141101,2014,Q4,2014-Q4,11,November,Nov,2014-11,44,1,Saturday,6,1
2014-11-02,20141102,2014,Q4,2014-Q4,11,November,Nov,2014-11,44,2,Sunday,7,1
2014-11-03,20141103,2014,Q4,2014-Q4,11,November,Nov,2014-11,45,3,Monday,1,0
2014-11-04,20141104,2014,Q4,2014-Q4,11,November,Nov,2014-11,45,4,Tuesday,2,0
2014-11-05,20141105,2014,Q4,2014-Q4,11,November,Nov,2014-11,45,5,Wednesday,3,0
2014-11-06,20141106,2014,Q4,2014-Q4,11,November,Nov,2014-11,45,6,Thursday,4,0
2014-11-07,20141107,2014,Q4,2014-Q4,11,November,Nov,2014-11,45,7,Friday,5,0
2014-11-08,20141108,2014,Q4,2014-Q4,11,November,Nov,2014-11,45,8,Saturday,6,1
2014-11-09,20141109,2014,Q4,2014-Q4,11,November,Nov,2014-11,45,9,Sunday,7,1
2014-11-10,20141110,2014,Q4,2014-Q4,11,November,Nov,2014-11,46,10,Monday,1,0
2014-11-11,20141111,2014,Q4,2014-Q4,11,November,Nov,2014-11,46,11,Tuesday,2,0
2014-11-12,20141112,2014,Q4,2014-Q4,11,November,Nov,2014-11,46,12,Wednesday,3,0
2014-11-13,20141113,2014,Q4,2014-Q4,11,November,Nov,2014-11,46,13,Thursday,4,0
2014-11-14,20141114,2014,Q4,2014-Q4,11,November,Nov,2014-11,46,14,Friday,5,0
2014-11-15,20141115,2014,Q4,2014-Q4,11,November,Nov,2014-11,46,15,Saturday,6,1
2014-11-16,20141116,2014,Q4,2014-Q4,11,November,Nov,2014-11,46,16,Sunday,7,1
2014-11-17,20141117,2014,Q4,2014-Q4,11,November,Nov,2014-11,47,17,Monday,1,0
2014-11-18,20141118,2014,Q4,2014-Q4,11,November,Nov,2014-11,47,18,Tuesday,2,0
2014-11-19,20141119,2014,Q4,2014-Q4,11,November,Nov,2014-11,47,19,Wednesday,3,0
2014-11-20,20141120,2014,Q4,2014-Q4,11,November,Nov,2014-11,47,20,Thursday,4,0
2014-11-21,20141121,2014,Q4,2014-Q4,11,November,Nov,2014-11,47,21,Friday,5,0
2014-11-22,20141122,2014,Q4,2014-Q4,11,November,Nov,2014-11,47,22,Saturday,6,1
2014-11-23,20141123,2014,Q4,2014-Q4,11,November,Nov,2014-11,47,23,Sunday,7,1
2014-11-24,20141124,2014,Q4,2014-Q4,11,November,Nov,2014-11,48,24,Monday,1,0
2014-11-25,20141125,2014,Q4,2014-Q4,11,November,Nov,2014-11,48,25,Tuesday,2,0
2014-11-26,20141126,2014,Q4,2014-Q4,11,November,Nov,2014-11,48,26,Wednesday,3,0
2014-11-27,20141127,2014,Q4,2014-Q4,11,November,Nov,2014-11,48,27,Thursday,4,0
2014-11-28,20141128,2014,Q4,2014-Q4,11,November,Nov,2014-11,48,28,Friday,5,0
2014-11-29,20141129,2014,Q4,2014-Q4,11,November,Nov,2014-11,48,29,Saturday,6,1
2014-11-30,20141130,2014,Q4,2014-Q4,11,November,Nov,2014-11,48,30,Sunday,7,1
2014-12-01,20141201,2014,Q4,2014-Q4,12,December,Dec,2014-12,49,1,Monday,1,0
2014-12-02,20141202,2014,Q4,2014-Q4,12,December,Dec,2014-12,49,2,Tuesday,2,0
2014-12-03,20141203,2014,Q4,2014-Q4,12,December,Dec,2014-12,49,3,Wednesday,3,0
2014-12-04,20141204,2014,Q4,2014-Q4,12,December,Dec,2014-12,49,4,Thursday,4,0
2014-12-05,20141205,2014,Q4,2014-Q4,12,December,Dec,2014-12,49,5,Friday,5,0
2014-12-06,20141206,2014,Q4,2014-Q4,12,December,Dec,2014-12,49,6,Saturday,6,1
2014-12-07,20141207,2014,Q4,2014-Q4,12,December,Dec,2014-12,49,7,Sunday,7,1
2014-12-08,20141208,2014,Q4,2014-Q4,12,December,Dec,2014-12,50,8,Monday,1,0
2014-12-09,20141209,2014,Q4,2014-Q4,12,December,Dec,2014-12,50,9,Tuesday,2,0
2014-12-10,20141210,2014,Q4,2014-Q4,12,December,Dec,2014-12,50,10,Wednesday,3,0
2014-12-11,20141211,2014,Q4,2014-Q4,12,December,Dec,2014-12,50,11,Thursday,4,0
2014-12-12,20141212,2014,Q4,2014-Q4,12,December,Dec,2014-12,50,12,Friday,5,0
2014-12-13,20141213,2014,Q4,2014-Q4,12,December,Dec,2014-12,50,13,Saturday,6,1
2014-12-14,20141214,2014,Q4,2014-Q4,12,December,Dec,2014-12,50,14,Sunday,7,1
2014-12-15,20141215,2014,Q4,2014-Q4,12,December,Dec,2014-12,51,15,Monday,1,0
2014-12-16,20141216,2014,Q4,2014-Q4,12,December,Dec,2014-12,51,16,Tuesday,2,0
2014-12-17,20141217,2014,Q4,2014-Q4,12,December,Dec,2014-12,51,17,Wednesday,3,0
2014-12-18,20141218,2014,Q4,2014-Q4,12,December,Dec,2014-12,51,18,Thursday,4,0
2014-12-19,20141219,2014,Q4,2014-Q4,12,December,Dec,2014-12,51,19,Friday,5,0
2014-12-20,20141220,2014,Q4,2014-Q4,12,December,Dec,2014-12,51,20,Saturday,6,1
2014-12-21,20141221,2014,Q4,2014-Q4,12,December,Dec,2014-12,51,21,Sunday,7,1
2014-12-22,20141222,2014,Q4,2014-Q4,12,December,Dec,2014-12,52,22,Monday,1,0
2014-12-23,20141223,2014,Q4,2014-Q4,12,December,Dec,2014-12,52,23,Tuesday,2,0
2014-12-24,20141224,2014,Q4,2014-Q4,12,December,Dec,2014-12,52,24,Wednesday,3,0
2014-12-25,20141225,2014,Q4,2014-Q4,12,December,Dec,2014-12,52,25,Thursday,4,0
2014-12-26,20141226,2014,Q4,2014-Q4,12,December,Dec,2014-12,52,26,Friday,5,0
2014-12-27,20141227,2014,Q4,2014-Q4,12,December,Dec,2014-12,52,27,Saturday,6,1
2014-12-28,20141228,2014,Q4,2014-Q4,12,December,Dec,2014-12,52,28,Sunday,7,1
2014-12-29,20141229,2014,Q4,2014-Q4,12,December,Dec,2014-12,1,29,Monday,1,0
2014-12-30,20141230,2014,Q4,2014-Q4,12,December,Dec,2014-12,1,30,Tuesday,2,0
2014-12-31,20141231,2014,Q4,2014-Q4,12,December,Dec,2014-12,1,31,Wednesday,3,0
2015-01-01,20150101,2015,Q1,2015-Q1,1,January,Jan,2015-01,1,1,Thursday,4,0
2015-01-02,20150102,2015,Q1,2015-Q1,1,January,Jan,2015-01,1,2,Friday,5,0
2015-01-03,20150103,2015,Q1,2015-Q1,1,January,Jan,2015-01,1,3,Saturday,6,1
2015-01-04,20150104,2015,Q1,2015-Q1,1,January,Jan,2015-01,1,4,Sunday,7,1
2015-01-05,20150105,2015,Q1,2015-Q1,1,January,Jan,2015-01,2,5,Monday,1,0
2015-01-06,20150106,2015,Q1,2015-Q1,1,January,Jan,2015-01,2,6,Tuesday,2,0
2015-01-07,20150107,2015,Q1,2015-Q1,1,January,Jan,2015-01,2,7,Wednesday,3,0
2015-01-08,20150108,2015,Q1,2015-Q1,1,January,Jan,2015-01,2,8,Thursday,4,0
2015-01-09,20150109,2015,Q1,2015-Q1,1,January,Jan,2015-01,2,9,Friday,5,0
2015-01-10,20150110,2015,Q1,2015-Q1,1,January,Jan,2015-01,2,10,Saturday,6,1
2015-01-11,20150111,2015,Q1,2015-Q1,1,January,Jan,2015-01,2,11,Sunday,7,1
2015-01-12,20150112,2015,Q1,2015-Q1,1,January,Jan,2015-01,3,12,Monday,1,0
2015-01-13,20150113,2015,Q1,2015-Q1,1,January,Jan,2015-01,3,13,Tuesday,2,0
2015-01-14,20150114,2015,Q1,2015-Q1,1,January,Jan,2015-01,3,14,Wednesday,3,0
2015-01-15,20150115,2015,Q1,2015-Q1,1,January,Jan,2015-01,3,15,Thursday,4,0
2015-01-16,20150116,2015,Q1,2015-Q1,1,January,Jan,2015-01,3,16,Friday,5,0
2015-01-17,20150117,2015,Q1,2015-Q1,1,January,Jan,2015-01,3,17,Saturday,6,1
2015-01-18,20150118,2015,Q1,2015-Q1,1,January,Jan,2015-01,3,18,Sunday,7,1
2015-01-19,20150119,2015,Q1,2015-Q1,1,January,Jan,2015-01,4,19,Monday,1,0
2015-01-20,20150120,2015,Q1,2015-Q1,1,January,Jan,2015-01,4,20,Tuesday,2,0
2015-01-21,20150121,2015,Q1,2015-Q1,1,January,Jan,2015-01,4,21,Wednesday,3,0
2015-01-22,20150122,2015,Q1,2015-Q1,1,January,Jan,2015-01,4,22,Thursday,4,0
2015-01-23,20150123,2015,Q1,2015-Q1,1,January,Jan,2015-01,4,23,Friday,5,0
2015-01-24,20150124,2015,Q1,2015-Q1,1,January,Jan,2015-01,4,24,Saturday,6,1
2015-01-25,20150125,2015,Q1,2015-Q1,1,January,Jan,2015-01,4,25,Sunday,7,1
2015-01-26,20150126,2015,Q1,2015-Q1,1,January,Jan,2015-01,5,26,Monday,1,0
2015-01-27,20150127,2015,Q1,2015-Q1,1,January,Jan,2015-01,5,27,Tuesday,2,0
2015-01-28,20150128,2015,Q1,2015-Q1,1,January,Jan,2015-01,5,28,Wednesday,3,0
2015-01-29,20150129,2015,Q1,2015-Q1,1,January,Jan,2015-01,5,29,Thursday,4,0
2015-01-30,20150130,2015,Q1,2015-Q1,1,January,Jan,2015-01,5,30,Friday,5,0
2015-01-31,20150131,2015,Q1,2015-Q1,1,January,Jan,2015-01,5,31,Saturday,6,1
2015-02-01,20150201,2015,Q1,2015-Q1,2,February,Feb,2015-02,5,1,Sunday,7,1
2015-02-02,20150202,2015,Q1,2015-Q1,2,February,Feb,2015-02,6,2,Monday,1,0
2015-02-03,20150203,2015,Q1,2015-Q1,2,February,Feb,2015-02,6,3,Tuesday,2,0
2015-02-04,20150204,2015,Q1,2015-Q1,2,February,Feb,2015-02,6,4,Wednesday,3,0
2015-02-05,20150205,2015,Q1,2015-Q1,2,February,Feb,2015-02,6,5,Thursday,4,0
2015-02-06,20150206,2015,Q1,2015-Q1,2,February,Feb,2015-02,6,6,Friday,5,0
2015-02-07,20150207,2015,Q1,2015-Q1,2,February,Feb,2015-02,6,7,Saturday,6,1
2015-02-08,20150208,2015,Q1,2015-Q1,2,February,Feb,2015-02,6,8,Sunday,7,1
2015-02-09,20150209,2015,Q1,2015-Q1,2,February,Feb,2015-02,7,9,Monday,1,0
2015-02-10,20150210,2015,Q1,2015-Q1,2,February,Feb,2015-02,7,10,Tuesday,2,0
2015-02-11,20150211,2015,Q1,2015-Q1,2,February,Feb,2015-02,7,11,Wednesday,3,0
2015-02-12,20150212,2015,Q1,2015-Q1,2,February,Feb,2015-02,7,12,Thursday,4,0
2015-02-13,20150213,2015,Q1,2015-Q1,2,February,Feb,2015-02,7,13,Friday,5,0
2015-02-14,20150214,2015,Q1,2015-Q1,2,February,Feb,2015-02,7,14,Saturday,6,1
2015-02-15,20150215,2015,Q1,2015-Q1,2,February,Feb,2015-02,7,15,Sunday,7,1
2015-02-16,20150216,2015,Q1,2015-Q1,2,February,Feb,2015-02,8,16,Monday,1,0
2015-02-17,20150217,2015,Q1,2015-Q1,2,February,Feb,2015-02,8,17,Tuesday,2,0
2015-02-18,20150218,2015,Q1,2015-Q1,2,February,Feb,2015-02,8,18,Wednesday,3,0
2015-02-19,20150219,2015,Q1,2015-Q1,2,February,Feb,2015-02,8,19,Thursday,4,0
2015-02-20,20150220,2015,Q1,2015-Q1,2,February,Feb,2015-02,8,20,Friday,5,0
2015-02-21,20150221,2015,Q1,2015-Q1,2,February,Feb,2015-02,8,21,Saturday,6,1
2015-02-22,20150222,2015,Q1,2015-Q1,2,February,Feb,2015-02,8,22,Sunday,7,1
2015-02-23,20150223,2015,Q1,2015-Q1,2,February,Feb,2015-02,9,23,Monday,1,0
2015-02-24,20150224,2015,Q1,2015-Q1,2,February,Feb,2015-02,9,24,Tuesday,2,0
2015-02-25,20150225,2015,Q1,2015-Q1,2,February,Feb,2015-02,9,25,Wednesday,3,0
2015-02-26,20150226,2015,Q1,2015-Q1,2,February,Feb,2015-02,9,26,Thursday,4,0
2015-02-27,20150227,2015,Q1,2015-Q1,2,February,Feb,2015-02,9,27,Friday,5,0
2015-02-28,20150228,2015,Q1,2015-Q1,2,February,Feb,2015-02,9,28,Saturday,6,1
2015-03-01,20150301,2015,Q1,2015-Q1,3,March,Mar,2015-03,9,1,Sunday,7,1
2015-03-02,20150302,2015,Q1,2015-Q1,3,March,Mar,2015-03,10,2,Monday,1,0
2015-03-03,20150303,2015,Q1,2015-Q1,3,March,Mar,2015-03,10,3,Tuesday,2,0
2015-03-04,20150304,2015,Q1,2015-Q1,3,March,Mar,2015-03,10,4,Wednesday,3,0
2015-03-05,20150305,2015,Q1,2015-Q1,3,March,Mar,2015-03,10,5,Thursday,4,0
2015-03-06,20150306,2015,Q1,2015-Q1,3,March,Mar,2015-03,10,6,Friday,5,0
2015-03-07,20150307,2015,Q1,2015-Q1,3,March,Mar,2015-03,10,7,Saturday,6,1
2015-03-08,20150308,2015,Q1,2015-Q1,3,March,Mar,2015-03,10,8,Sunday,7,1
2015-03-09,20150309,2015,Q1,2015-Q1,3,March,Mar,2015-03,11,9,Monday,1,0
2015-03-10,20150310,2015,Q1,2015-Q1,3,March,Mar,2015-03,11,10,Tuesday,2,0
2015-03-11,20150311,2015,Q1,2015-Q1,3,March,Mar,2015-03,11,11,Wednesday,3,0
2015-03-12,20150312,2015,Q1,2015-Q1,3,March,Mar,2015-03,11,12,Thursday,4,0
2015-03-13,20150313,2015,Q1,2015-Q1,3,March,Mar,2015-03,11,13,Friday,5,0
2015-03-14,20150314,2015,Q1,2015-Q1,3,March,Mar,2015-03,11,14,Saturday,6,1
2015-03-15,20150315,2015,Q1,2015-Q1,3,March,Mar,2015-03,11,15,Sunday,7,1
2015-03-16,20150316,2015,Q1,2015-Q1,3,March,Mar,2015-03,12,16,Monday,1,0
2015-03-17,20150317,2015,Q1,2015-Q1,3,March,Mar,2015-03,12,17,Tuesday,2,0
2015-03-18,20150318,2015,Q1,2015-Q1,3,March,Mar,2015-03,12,18,Wednesday,3,0
2015-03-19,20150319,2015,Q1,2015-Q1,3,March,Mar,2015-03,12,19,Thursday,4,0
2015-03-20,20150320,2015,Q1,2015-Q1,3,March,Mar,2015-03,12,20,Friday,5,0
2015-03-21,20150321,2015,Q1,2015-Q1,3,March,Mar,2015-03,12,21,Saturday,6,1
2015-03-22,20150322,2015,Q1,2015-Q1,3,March,Mar,2015-03,12,22,Sunday,7,1
2015-03-23,20150323,2015,Q1,2015-Q1,3,March,Mar,2015-03,13,23,Monday,1,0
2015-03-24,20150324,2015,Q1,2015-Q1,3,March,Mar,2015-03,13,24,Tuesday,2,0
2015-03-25,20150325,2015,Q1,2015-Q1,3,March,Mar,2015-03,13,25,Wednesday,3,0
2015-03-26,20150326,2015,Q1,2015-Q1,3,March,Mar,2015-03,13,26,Thursday,4,0
2015-03-27,20150327,2015,Q1,2015-Q1,3,March,Mar,2015-03,13,27,Friday,5,0
2015-03-28,20150328,2015,Q1,2015-Q1,3,March,Mar,2015-03,13,28,Saturday,6,1
2015-03-29,20150329,2015,Q1,2015-Q1,3,March,Mar,2015-03,13,29,Sunday,7,1
2015-03-30,20150330,2015,Q1,2015-Q1,3,March,Mar,2015-03,14,30,Monday,1,0
2015-03-31,20150331,2015,Q1,2015-Q1,3,March,Mar,2015-03,14,31,Tuesday,2,0
2015-04-01,20150401,2015,Q2,2015-Q2,4,April,Apr,2015-04,14,1,Wednesday,3,0
2015-04-02,20150402,2015,Q2,2015-Q2,4,April,Apr,2015-04,14,2,Thursday,4,0
2015-04-03,20150403,2015,Q2,2015-Q2,4,April,Apr,2015-04,14,3,Friday,5,0
2015-04-04,20150404,2015,Q2,2015-Q2,4,April,Apr,2015-04,14,4,Saturday,6,1
2015-04-05,20150405,2015,Q2,2015-Q2,4,April,Apr,2015-04,14,5,Sunday,7,1
2015-04-06,20150406,2015,Q2,2015-Q2,4,April,Apr,2015-04,15,6,Monday,1,0
2015-04-07,20150407,2015,Q2,2015-Q2,4,April,Apr,2015-04,15,7,Tuesday,2,0
2015-04-08,20150408,2015,Q2,2015-Q2,4,April,Apr,2015-04,15,8,Wednesday,3,0
2015-04-09,20150409,2015,Q2,2015-Q2,4,April,Apr,2015-04,15,9,Thursday,4,0
2015-04-10,20150410,2015,Q2,2015-Q2,4,April,Apr,2015-04,15,10,Friday,5,0
2015-04-11,20150411,2015,Q2,2015-Q2,4,April,Apr,2015-04,15,11,Saturday,6,1
2015-04-12,20150412,2015,Q2,2015-Q2,4,April,Apr,2015-04,15,12,Sunday,7,1
2015-04-13,20150413,2015,Q2,2015-Q2,4,April,Apr,2015-04,16,13,Monday,1,0
2015-04-14,20150414,2015,Q2,2015-Q2,4,April,Apr,2015-04,16,14,Tuesday,2,0
2015-04-15,20150415,2015,Q2,2015-Q2,4,April,Apr,2015-04,16,15,Wednesday,3,0
2015-04-16,20150416,2015,Q2,2015-Q2,4,April,Apr,2015-04,16,16,Thursday,4,0
2015-04-17,20150417,2015,Q2,2015-Q2,4,April,Apr,2015-04,16,17,Friday,5,0
2015-04-18,20150418,2015,Q2,2015-Q2,4,April,Apr,2015-04,16,18,Saturday,6,1
2015-04-19,20150419,2015,Q2,2015-Q2,4,April,Apr,2015-04,16,19,Sunday,7,1
2015-04-20,20150420,2015,Q2,2015-Q2,4,April,Apr,2015-04,17,20,Monday,1,0
2015-04-21,20150421,2015,Q2,2015-Q2,4,April,Apr,2015-04,17,21,Tuesday,2,0
2015-04-22,20150422,2015,Q2,2015-Q2,4,April,Apr,2015-04,17,22,Wednesday,3,0
2015-04-23,20150423,2015,Q2,2015-Q2,4,April,Apr,2015-04,17,23,Thursday,4,0
2015-04-24,20150424,2015,Q2,2015-Q2,4,April,Apr,2015-04,17,24,Friday,5,0
2015-04-25,20150425,2015,Q2,2015-Q2,4,April,Apr,2015-04,17,25,Saturday,6,1
2015-04-26,20150426,2015,Q2,2015-Q2,4,April,Apr,2015-04,17,26,Sunday,7,1
2015-04-27,20150427,2015,Q2,2015-Q2,4,April,Apr,2015-04,18,27,Monday,1,0
2015-04-28,20150428,2015,Q2,2015-Q2,4,April,Apr,2015-04,18,28,Tuesday,2,0
2015-04-29,20150429,2015,Q2,2015-Q2,4,April,Apr,2015-04,18,29,Wednesday,3,0
2015-04-30,20150430,2015,Q2,2015-Q2,4,April,Apr,2015-04,18,30,Thursday,4,0
2015-05-01,20150501,2015,Q2,2015-Q2,5,May,May,2015-05,18,1,Friday,5,0
2015-05-02,20150502,2015,Q2,2015-Q2,5,May,May,2015-05,18,2,Saturday,6,1
2015-05-03,20150503,2015,Q2,2015-Q2,5,May,May,2015-05,18,3,Sunday,7,1
2015-05-04,20150504,2015,Q2,2015-Q2,5,May,May,2015-05,19,4,Monday,1,0
2015-05-05,20150505,2015,Q2,2015-Q2,5,May,May,2015-05,19,5,Tuesday,2,0
2015-05-06,20150506,2015,Q2,2015-Q2,5,May,May,2015-05,19,6,Wednesday,3,0
2015-05-07,20150507,2015,Q2,2015-Q2,5,May,May,2015-05,19,7,Thursday,4,0
2015-05-08,20150508,2015,Q2,2015-Q2,5,May,May,2015-05,19,8,Friday,5,0
2015-05-09,20150509,2015,Q2,2015-Q2,5,May,May,2015-05,19,9,Saturday,6,1
2015-05-10,20150510,2015,Q2,2015-Q2,5,May,May,2015-05,19,10,Sunday,7,1
2015-05-11,20150511,2015,Q2,2015-Q2,5,May,May,2015-05,20,11,Monday,1,0
2015-05-12,20150512,2015,Q2,2015-Q2,5,May,May,2015-05,20,12,Tuesday,2,0
2015-05-13,20150513,2015,Q2,2015-Q2,5,May,May,2015-05,20,13,Wednesday,3,0
2015-05-14,20150514,2015,Q2,2015-Q2,5,May,May,2015-05,20,14,Thursday,4,0
2015-05-15,20150515,2015,Q2,2015-Q2,5,May,May,2015-05,20,15,Friday,5,0
2015-05-16,20150516,2015,Q2,2015-Q2,5,May,May,2015-05,20,16,Saturday,6,1
2015-05-17,20150517,2015,Q2,2015-Q2,5,May,May,2015-05,20,17,Sunday,7,1
2015-05-18,20150518,2015,Q2,2015-Q2,5,May,May,2015-05,21,18,Monday,1,0
2015-05-19,20150519,2015,Q2,2015-Q2,5,May,May,2015-05,21,19,Tuesday,2,0
2015-05-20,20150520,2015,Q2,2015-Q2,5,May,May,2015-05,21,20,Wednesday,3,0
2015-05-21,20150521,2015,Q2,2015-Q2,5,May,May,2015-05,21,21,Thursday,4,0
2015-05-22,20150522,2015,Q2,2015-Q2,5,May,May,2015-05,21,22,Friday,5,0
2015-05-23,20150523,2015,Q2,2015-Q2,5,May,May,2015-05,21,23,Saturday,6,1
2015-05-24,20150524,2015,Q2,2015-Q2,5,May,May,2015-05,21,24,Sunday,7,1
2015-05-25,20150525,2015,Q2,2015-Q2,5,May,May,2015-05,22,25,Monday,1,0
2015-05-26,20150526,2015,Q2,2015-Q2,5,May,May,2015-05,22,26,Tuesday,2,0
2015-05-27,20150527,2015,Q2,2015-Q2,5,May,May,2015-05,22,27,Wednesday,3,0
2015-05-28,20150528,2015,Q2,2015-Q2,5,May,May,2015-05,22,28,Thursday,4,0
2015-05-29,20150529,2015,Q2,2015-Q2,5,May,May,2015-05,22,29,Friday,5,0
2015-05-30,20150530,2015,Q2,2015-Q2,5,May,May,2015-05,22,30,Saturday,6,1
2015-05-31,20150531,2015,Q2,2015-Q2,5,May,May,2015-05,22,31,Sunday,7,1
2015-06-01,20150601,2015,Q2,2015-Q2,6,June,Jun,2015-06,23,1,Monday,1,0
2015-06-02,20150602,2015,Q2,2015-Q2,6,June,Jun,2015-06,23,2,Tuesday,2,0
2015-06-03,20150603,2015,Q2,2015-Q2,6,June,Jun,2015-06,23,3,Wednesday,3,0
2015-06-04,20150604,2015,Q2,2015-Q2,6,June,Jun,2015-06,23,4,Thursday,4,0
2015-06-05,20150605,2015,Q2,2015-Q2,6,June,Jun,2015-06,23,5,Friday,5,0
2015-06-06,20150606,2015,Q2,2015-Q2,6,June,Jun,2015-06,23,6,Saturday,6,1
2015-06-07,20150607,2015,Q2,2015-Q2,6,June,Jun,2015-06,23,7,Sunday,7,1
2015-06-08,20150608,2015,Q2,2015-Q2,6,June,Jun,2015-06,24,8,Monday,1,0
2015-06-09,20150609,2015,Q2,2015-Q2,6,June,Jun,2015-06,24,9,Tuesday,2,0
2015-06-10,20150610,2015,Q2,2015-Q2,6,June,Jun,2015-06,24,10,Wednesday,3,0
2015-06-11,20150611,2015,Q2,2015-Q2,6,June,Jun,2015-06,24,11,Thursday,4,0
2015-06-12,20150612,2015,Q2,2015-Q2,6,June,Jun,2015-06,24,12,Friday,5,0
2015-06-13,20150613,2015,Q2,2015-Q2,6,June,Jun,2015-06,24,13,Saturday,6,1
2015-06-14,20150614,2015,Q2,2015-Q2,6,June,Jun,2015-06,24,14,Sunday,7,1
2015-06-15,20150615,2015,Q2,2015-Q2,6,June,Jun,2015-06,25,15,Monday,1,0
2015-06-16,20150616,2015,Q2,2015-Q2,6,June,Jun,2015-06,25,16,Tuesday,2,0
2015-06-17,20150617,2015,Q2,2015-Q2,6,June,Jun,2015-06,25,17,Wednesday,3,0
2015-06-18,20150618,2015,Q2,2015-Q2,6,June,Jun,2015-06,25,18,Thursday,4,0
2015-06-19,20150619,2015,Q2,2015-Q2,6,June,Jun,2015-06,25,19,Friday,5,0
2015-06-20,20150620,2015,Q2,2015-Q2,6,June,Jun,2015-06,25,20,Saturday,6,1
2015-06-21,20150621,2015,Q2,2015-Q2,6,June,Jun,2015-06,25,21,Sunday,7,1
2015-06-22,20150622,2015,Q2,2015-Q2,6,June,Jun,2015-06,26,22,Monday,1,0
2015-06-23,20150623,2015,Q2,2015-Q2,6,June,Jun,2015-06,26,23,Tuesday,2,0
2015-06-24,20150624,2015,Q2,2015-Q2,6,June,Jun,2015-06,26,24,Wednesday,3,0
2015-06-25,20150625,2015,Q2,2015-Q2,6,June,Jun,2015-06,26,25,Thursday,4,0
2015-06-26,20150626,2015,Q2,2015-Q2,6,June,Jun,2015-06,26,26,Friday,5,0
2015-06-27,20150627,2015,Q2,2015-Q2,6,June,Jun,2015-06,26,27,Saturday,6,1
2015-06-28,20150628,2015,Q2,2015-Q2,6,June,Jun,2015-06,26,28,Sunday,7,1
2015-06-29,20150629,2015,Q2,2015-Q2,6,June,Jun,2015-06,27,29,Monday,1,0
2015-06-30,20150630,2015,Q2,2015-Q2,6,June,Jun,2015-06,27,30,Tuesday,2,0
2015-07-01,20150701,2015,Q3,2015-Q3,7,July,Jul,2015-07,27,1,Wednesday,3,0
2015-07-02,20150702,2015,Q3,2015-Q3,7,July,Jul,2015-07,27,2,Thursday,4,0
2015-07-03,20150703,2015,Q3,2015-Q3,7,July,Jul,2015-07,27,3,Friday,5,0
2015-07-04,20150704,2015,Q3,2015-Q3,7,July,Jul,2015-07,27,4,Saturday,6,1
2015-07-05,20150705,2015,Q3,2015-Q3,7,July,Jul,2015-07,27,5,Sunday,7,1
2015-07-06,20150706,2015,Q3,2015-Q3,7,July,Jul,2015-07,28,6,Monday,1,0
2015-07-07,20150707,2015,Q3,2015-Q3,7,July,Jul,2015-07,28,7,Tuesday,2,0
2015-07-08,20150708,2015,Q3,2015-Q3,7,July,Jul,2015-07,28,8,Wednesday,3,0
2015-07-09,20150709,2015,Q3,2015-Q3,7,July,Jul,2015-07,28,9,Thursday,4,0
2015-07-10,20150710,2015,Q3,2015-Q3,7,July,Jul,2015-07,28,10,Friday,5,0
2015-07-11,20150711,2015,Q3,2015-Q3,7,July,Jul,2015-07,28,11,Saturday,6,1
2015-07-12,20150712,2015,Q3,2015-Q3,7,July,Jul,2015-07,28,12,Sunday,7,1
2015-07-13,20150713,2015,Q3,2015-Q3,7,July,Jul,2015-07,29,13,Monday,1,0
2015-07-14,20150714,2015,Q3,2015-Q3,7,July,Jul,2015-07,29,14,Tuesday,2,0
2015-07-15,20150715,2015,Q3,2015-Q3,7,July,Jul,2015-07,29,15,Wednesday,3,0
2015-07-16,20150716,2015,Q3,2015-Q3,7,July,Jul,2015-07,29,16,Thursday,4,0
2015-07-17,20150717,2015,Q3,2015-Q3,7,July,Jul,2015-07,29,17,Friday,5,0
2015-07-18,20150718,2015,Q3,2015-Q3,7,July,Jul,2015-07,29,18,Saturday,6,1
2015-07-19,20150719,2015,Q3,2015-Q3,7,July,Jul,2015-07,29,19,Sunday,7,1
2015-07-20,20150720,2015,Q3,2015-Q3,7,July,Jul,2015-07,30,20,Monday,1,0
2015-07-21,20150721,2015,Q3,2015-Q3,7,July,Jul,2015-07,30,21,Tuesday,2,0
2015-07-22,20150722,2015,Q3,2015-Q3,7,July,Jul,2015-07,30,22,Wednesday,3,0
2015-07-23,20150723,2015,Q3,2015-Q3,7,July,Jul,2015-07,30,23,Thursday,4,0
2015-07-24,20150724,2015,Q3,2015-Q3,7,July,Jul,2015-07,30,24,Friday,5,0
2015-07-25,20150725,2015,Q3,2015-Q3,7,July,Jul,2015-07,30,25,Saturday,6,1
2015-07-26,20150726,2015,Q3,2015-Q3,7,July,Jul,2015-07,30,26,Sunday,7,1
2015-07-27,20150727,2015,Q3,2015-Q3,7,July,Jul,2015-07,31,27,Monday,1,0
2015-07-28,20150728,2015,Q3,2015-Q3,7,July,Jul,2015-07,31,28,Tuesday,2,0
2015-07-29,20150729,2015,Q3,2015-Q3,7,July,Jul,2015-07,31,29,Wednesday,3,0
2015-07-30,20150730,2015,Q3,2015-Q3,7,July,Jul,2015-07,31,30,Thursday,4,0
2015-07-31,20150731,2015,Q3,2015-Q3,7,July,Jul,2015-07,31,31,Friday,5,0
2015-08-01,20150801,2015,Q3,2015-Q3,8,August,Aug,2015-08,31,1,Saturday,6,1
2015-08-02,20150802,2015,Q3,2015-Q3,8,August,Aug,2015-08,31,2,Sunday,7,1
2015-08-03,20150803,2015,Q3,2015-Q3,8,August,Aug,2015-08,32,3,Monday,1,0
2015-08-04,20150804,2015,Q3,2015-Q3,8,August,Aug,2015-08,32,4,Tuesday,2,0
2015-08-05,20150805,2015,Q3,2015-Q3,8,August,Aug,2015-08,32,5,Wednesday,3,0
2015-08-06,20150806,2015,Q3,2015-Q3,8,August,Aug,2015-08,32,6,Thursday,4,0
2015-08-07,20150807,2015,Q3,2015-Q3,8,August,Aug,2015-08,32,7,Friday,5,0
2015-08-08,20150808,2015,Q3,2015-Q3,8,August,Aug,2015-08,32,8,Saturday,6,1
2015-08-09,20150809,2015,Q3,2015-Q3,8,August,Aug,2015-08,32,9,Sunday,7,1
2015-08-10,20150810,2015,Q3,2015-Q3,8,August,Aug,2015-08,33,10,Monday,1,0
2015-08-11,20150811,2015,Q3,2015-Q3,8,August,Aug,2015-08,33,11,Tuesday,2,0
2015-08-12,20150812,2015,Q3,2015-Q3,8,August,Aug,2015-08,33,12,Wednesday,3,0
2015-08-13,20150813,2015,Q3,2015-Q3,8,August,Aug,2015-08,33,13,Thursday,4,0
2015-08-14,20150814,2015,Q3,2015-Q3,8,August,Aug,2015-08,33,14,Friday,5,0
2015-08-15,20150815,2015,Q3,2015-Q3,8,August,Aug,2015-08,33,15,Saturday,6,1
2015-08-16,20150816,2015,Q3,2015-Q3,8,August,Aug,2015-08,33,16,Sunday,7,1
2015-08-17,20150817,2015,Q3,2015-Q3,8,August,Aug,2015-08,34,17,Monday,1,0
2015-08-18,20150818,2015,Q3,2015-Q3,8,August,Aug,2015-08,34,18,Tuesday,2,0
2015-08-19,20150819,2015,Q3,2015-Q3,8,August,Aug,2015-08,34,19,Wednesday,3,0
2015-08-20,20150820,2015,Q3,2015-Q3,8,August,Aug,2015-08,34,20,Thursday,4,0
2015-08-21,20150821,2015,Q3,2015-Q3,8,August,Aug,2015-08,34,21,Friday,5,0
2015-08-22,20150822,2015,Q3,2015-Q3,8,August,Aug,2015-08,34,22,Saturday,6,1
2015-08-23,20150823,2015,Q3,2015-Q3,8,August,Aug,2015-08,34,23,Sunday,7,1
2015-08-24,20150824,2015,Q3,2015-Q3,8,August,Aug,2015-08,35,24,Monday,1,0
2015-08-25,20150825,2015,Q3,2015-Q3,8,August,Aug,2015-08,35,25,Tuesday,2,0
2015-08-26,20150826,2015,Q3,2015-Q3,8,August,Aug,2015-08,35,26,Wednesday,3,0
2015-08-27,20150827,2015,Q3,2015-Q3,8,August,Aug,2015-08,35,27,Thursday,4,0
2015-08-28,20150828,2015,Q3,2015-Q3,8,August,Aug,2015-08,35,28,Friday,5,0
2015-08-29,20150829,2015,Q3,2015-Q3,8,August,Aug,2015-08,35,29,Saturday,6,1
2015-08-30,20150830,2015,Q3,2015-Q3,8,August,Aug,2015-08,35,30,Sunday,7,1
2015-08-31,20150831,2015,Q3,2015-Q3,8,August,Aug,2015-08,36,31,Monday,1,0
2015-09-01,20150901,2015,Q3,2015-Q3,9,September,Sep,2015-09,36,1,Tuesday,2,0
2015-09-02,20150902,2015,Q3,2015-Q3,9,September,Sep,2015-09,36,2,Wednesday,3,0
2015-09-03,20150903,2015,Q3,2015-Q3,9,September,Sep,2015-09,36,3,Thursday,4,0
2015-09-04,20150904,2015,Q3,2015-Q3,9,September,Sep,2015-09,36,4,Friday,5,0
2015-09-05,20150905,2015,Q3,2015-Q3,9,September,Sep,2015-09,36,5,Saturday,6,1
2015-09-06,20150906,2015,Q3,2015-Q3,9,September,Sep,2015-09,36,6,Sunday,7,1
2015-09-07,20150907,2015,Q3,2015-Q3,9,September,Sep,2015-09,37,7,Monday,1,0
2015-09-08,20150908,2015,Q3,2015-Q3,9,September,Sep,2015-09,37,8,Tuesday,2,0
2015-09-09,20150909,2015,Q3,2015-Q3,9,September,Sep,2015-09,37,9,Wednesday,3,0
2015-09-10,20150910,2015,Q3,2015-Q3,9,September,Sep,2015-09,37,10,Thursday,4,0
2015-09-11,20150911,2015,Q3,2015-Q3,9,September,Sep,2015-09,37,11,Friday,5,0
2015-09-12,20150912,2015,Q3,2015-Q3,9,September,Sep,2015-09,37,12,Saturday,6,1
2015-09-13,20150913,2015,Q3,2015-Q3,9,September,Sep,2015-09,37,13,Sunday,7,1
2015-09-14,20150914,2015,Q3,2015-Q3,9,September,Sep,2015-09,38,14,Monday,1,0
2015-09-15,20150915,2015,Q3,2015-Q3,9,September,Sep,2015-09,38,15,Tuesday,2,0
2015-09-16,20150916,2015,Q3,2015-Q3,9,September,Sep,2015-09,38,16,Wednesday,3,0
2015-09-17,20150917,2015,Q3,2015-Q3,9,September,Sep,2015-09,38,17,Thursday,4,0
2015-09-18,20150918,2015,Q3,2015-Q3,9,September,Sep,2015-09,38,18,Friday,5,0
2015-09-19,20150919,2015,Q3,2015-Q3,9,September,Sep,2015-09,38,19,Saturday,6,1
2015-09-20,20150920,2015,Q3,2015-Q3,9,September,Sep,2015-09,38,20,Sunday,7,1
2015-09-21,20150921,2015,Q3,2015-Q3,9,September,Sep,2015-09,39,21,Monday,1,0
2015-09-22,20150922,2015,Q3,2015-Q3,9,September,Sep,2015-09,39,22,Tuesday,2,0
2015-09-23,20150923,2015,Q3,2015-Q3,9,September,Sep,2015-09,39,23,Wednesday,3,0
2015-09-24,20150924,2015,Q3,2015-Q3,9,September,Sep,2015-09,39,24,Thursday,4,0
2015-09-25,20150925,2015,Q3,2015-Q3,9,September,Sep,2015-09,39,25,Friday,5,0
2015-09-26,20150926,2015,Q3,2015-Q3,9,September,Sep,2015-09,39,26,Saturday,6,1
2015-09-27,20150927,2015,Q3,2015-Q3,9,September,Sep,2015-09,39,27,Sunday,7,1
2015-09-28,20150928,2015,Q3,2015-Q3,9,September,Sep,2015-09,40,28,Monday,1,0
2015-09-29,20150929,2015,Q3,2015-Q3,9,September,Sep,2015-09,40,29,Tuesday,2,0
2015-09-30,20150930,2015,Q3,2015-Q3,9,September,Sep,2015-09,40,30,Wednesday,3,0
2015-10-01,20151001,2015,Q4,2015-Q4,10,October,Oct,2015-10,40,1,Thursday,4,0
2015-10-02,20151002,2015,Q4,2015-Q4,10,October,Oct,2015-10,40,2,Friday,5,0
2015-10-03,20151003,2015,Q4,2015-Q4,10,October,Oct,2015-10,40,3,Saturday,6,1
2015-10-04,20151004,2015,Q4,2015-Q4,10,October,Oct,2015-10,40,4,Sunday,7,1
2015-10-05,20151005,2015,Q4,2015-Q4,10,October,Oct,2015-10,41,5,Monday,1,0
2015-10-06,20151006,2015,Q4,2015-Q4,10,October,Oct,2015-10,41,6,Tuesday,2,0
2015-10-07,20151007,2015,Q4,2015-Q4,10,October,Oct,2015-10,41,7,Wednesday,3,0
2015-10-08,20151008,2015,Q4,2015-Q4,10,October,Oct,2015-10,41,8,Thursday,4,0
2015-10-09,20151009,2015,Q4,2015-Q4,10,October,Oct,2015-10,41,9,Friday,5,0
2015-10-10,20151010,2015,Q4,2015-Q4,10,October,Oct,2015-10,41,10,Saturday,6,1
2015-10-11,20151011,2015,Q4,2015-Q4,10,October,Oct,2015-10,41,11,Sunday,7,1
2015-10-12,20151012,2015,Q4,2015-Q4,10,October,Oct,2015-10,42,12,Monday,1,0
2015-10-13,20151013,2015,Q4,2015-Q4,10,October,Oct,2015-10,42,13,Tuesday,2,0
2015-10-14,20151014,2015,Q4,2015-Q4,10,October,Oct,2015-10,42,14,Wednesday,3,0
2015-10-15,20151015,2015,Q4,2015-Q4,10,October,Oct,2015-10,42,15,Thursday,4,0
2015-10-16,20151016,2015,Q4,2015-Q4,10,October,Oct,2015-10,42,16,Friday,5,0
2015-10-17,20151017,2015,Q4,2015-Q4,10,October,Oct,2015-10,42,17,Saturday,6,1
2015-10-18,20151018,2015,Q4,2015-Q4,10,October,Oct,2015-10,42,18,Sunday,7,1
2015-10-19,20151019,2015,Q4,2015-Q4,10,October,Oct,2015-10,43,19,Monday,1,0
2015-10-20,20151020,2015,Q4,2015-Q4,10,October,Oct,2015-10,43,20,Tuesday,2,0
2015-10-21,20151021,2015,Q4,2015-Q4,10,October,Oct,2015-10,43,21,Wednesday,3,0
2015-10-22,20151022,2015,Q4,2015-Q4,10,October,Oct,2015-10,43,22,Thursday,4,0
2015-10-23,20151023,2015,Q4,2015-Q4,10,October,Oct,2015-10,43,23,Friday,5,0
2015-10-24,20151024,2015,Q4,2015-Q4,10,October,Oct,2015-10,43,24,Saturday,6,1
2015-10-25,20151025,2015,Q4,2015-Q4,10,October,Oct,2015-10,43,25,Sunday,7,1
2015-10-26,20151026,2015,Q4,2015-Q4,10,October,Oct,2015-10,44,26,Monday,1,0
2015-10-27,20151027,2015,Q4,2015-Q4,10,October,Oct,2015-10,44,27,Tuesday,2,0
2015-10-28,20151028,2015,Q4,2015-Q4,10,October,Oct,2015-10,44,28,Wednesday,3,0
2015-10-29,20151029,2015,Q4,2015-Q4,10,October,Oct,2015-10,44,29,Thursday,4,0
2015-10-30,20151030,2015,Q4,2015-Q4,10,October,Oct,2015-10,44,30,Friday,5,0
2015-10-31,20151031,2015,Q4,2015-Q4,10,October,Oct,2015-10,44,31,Saturday,6,1
2015-11-01,20151101,2015,Q4,2015-Q4,11,November,Nov,2015-11,44,1,Sunday,7,1
2015-11-02,20151102,2015,Q4,2015-Q4,11,November,Nov,2015-11,45,2,Monday,1,0
2015-11-03,20151103,2015,Q4,2015-Q4,11,November,Nov,2015-11,45,3,Tuesday,2,0
2015-11-04,20151104,2015,Q4,2015-Q4,11,November,Nov,2015-11,45,4,Wednesday,3,0
2015-11-05,20151105,2015,Q4,2015-Q4,11,November,Nov,2015-11,45,5,Thursday,4,0
2015-11-06,20151106,2015,Q4,2015-Q4,11,November,Nov,2015-11,45,6,Friday,5,0
2015-11-07,20151107,2015,Q4,2015-Q4,11,November,Nov,2015-11,45,7,Saturday,6,1
2015-11-08,20151108,2015,Q4,2015-Q4,11,November,Nov,2015-11,45,8,Sunday,7,1
2015-11-09,20151109,2015,Q4,2015-Q4,11,November,Nov,2015-11,46,9,Monday,1,0
2015-11-10,20151110,2015,Q4,2015-Q4,11,November,Nov,2015-11,46,10,Tuesday,2,0
2015-11-11,20151111,2015,Q4,2015-Q4,11,November,Nov,2015-11,46,11,Wednesday,3,0
2015-11-12,20151112,2015,Q4,2015-Q4,11,November,Nov,2015-11,46,12,Thursday,4,0
2015-11-13,20151113,2015,Q4,2015-Q4,11,November,Nov,2015-11,46,13,Friday,5,0
2015-11-14,20151114,2015,Q4,2015-Q4,11,November,Nov,2015-11,46,14,Saturday,6,1
2015-11-15,20151115,2015,Q4,2015-Q4,11,November,Nov,2015-11,46,15,Sunday,7,1
2015-11-16,20151116,2015,Q4,2015-Q4,11,November,Nov,2015-11,47,16,Monday,1,0
2015-11-17,20151117,2015,Q4,2015-Q4,11,November,Nov,2015-11,47,17,Tuesday,2,0
2015-11-18,20151118,2015,Q4,2015-Q4,11,November,Nov,2015-11,47,18,Wednesday,3,0
2015-11-19,20151119,2015,Q4,2015-Q4,11,November,Nov,2015-11,47,19,Thursday,4,0
2015-11-20,20151120,2015,Q4,2015-Q4,11,November,Nov,2015-11,47,20,Friday,5,0
2015-11-21,20151121,2015,Q4,2015-Q4,11,November,Nov,2015-11,47,21,Saturday,6,1
2015-11-22,20151122,2015,Q4,2015-Q4,11,November,Nov,2015-11,47,22,Sunday,7,1
2015-11-23,20151123,2015,Q4,2015-Q4,11,November,Nov,2015-11,48,23,Monday,1,0
2015-11-24,20151124,2015,Q4,2015-Q4,11,November,Nov,2015-11,48,24,Tuesday,2,0
2015-11-25,20151125,2015,Q4,2015-Q4,11,November,Nov,2015-11,48,25,Wednesday,3,0
2015-11-26,20151126,2015,Q4,2015-Q4,11,November,Nov,2015-11,48,26,Thursday,4,0
2015-11-27,20151127,2015,Q4,2015-Q4,11,November,Nov,2015-11,48,27,Friday,5,0
2015-11-28,20151128,2015,Q4,2015-Q4,11,November,Nov,2015-11,48,28,Saturday,6,1
2015-11-29,20151129,2015,Q4,2015-Q4,11,November,Nov,2015-11,48,29,Sunday,7,1
2015-11-30,20151130,2015,Q4,2015-Q4,11,November,Nov,2015-11,49,30,Monday,1,0
2015-12-01,20151201,2015,Q4,2015-Q4,12,December,Dec,2015-12,49,1,Tuesday,2,0
2015-12-02,20151202,2015,Q4,2015-Q4,12,December,Dec,2015-12,49,2,Wednesday,3,0
2015-12-03,20151203,2015,Q4,2015-Q4,12,December,Dec,2015-12,49,3,Thursday,4,0
2015-12-04,20151204,2015,Q4,2015-Q4,12,December,Dec,2015-12,49,4,Friday,5,0
2015-12-05,20151205,2015,Q4,2015-Q4,12,December,Dec,2015-12,49,5,Saturday,6,1
2015-12-06,20151206,2015,Q4,2015-Q4,12,December,Dec,2015-12,49,6,Sunday,7,1
2015-12-07,20151207,2015,Q4,2015-Q4,12,December,Dec,2015-12,50,7,Monday,1,0
2015-12-08,20151208,2015,Q4,2015-Q4,12,December,Dec,2015-12,50,8,Tuesday,2,0
2015-12-09,20151209,2015,Q4,2015-Q4,12,December,Dec,2015-12,50,9,Wednesday,3,0
2015-12-10,20151210,2015,Q4,2015-Q4,12,December,Dec,2015-12,50,10,Thursday,4,0
2015-12-11,20151211,2015,Q4,2015-Q4,12,December,Dec,2015-12,50,11,Friday,5,0
2015-12-12,20151212,2015,Q4,2015-Q4,12,December,Dec,2015-12,50,12,Saturday,6,1
2015-12-13,20151213,2015,Q4,2015-Q4,12,December,Dec,2015-12,50,13,Sunday,7,1
2015-12-14,20151214,2015,Q4,2015-Q4,12,December,Dec,2015-12,51,14,Monday,1,0
2015-12-15,20151215,2015,Q4,2015-Q4,12,December,Dec,2015-12,51,15,Tuesday,2,0
2015-12-16,20151216,2015,Q4,2015-Q4,12,December,Dec,2015-12,51,16,Wednesday,3,0
2015-12-17,20151217,2015,Q4,2015-Q4,12,December,Dec,2015-12,51,17,Thursday,4,0
2015-12-18,20151218,2015,Q4,2015-Q4,12,December,Dec,2015-12,51,18,Friday,5,0
2015-12-19,20151219,2015,Q4,2015-Q4,12,December,Dec,2015-12,51,19,Saturday,6,1
2015-12-20,20151220,2015,Q4,2015-Q4,12,December,Dec,2015-12,51,20,Sunday,7,1
2015-12-21,20151221,2015,Q4,2015-Q4,12,December,Dec,2015-12,52,21,Monday,1,0
2015-12-22,20151222,2015,Q4,2015-Q4,12,December,Dec,2015-12,52,22,Tuesday,2,0
2015-12-23,20151223,2015,Q4,2015-Q4,12,December,Dec,2015-12,52,23,Wednesday,3,0
2015-12-24,20151224,2015,Q4,2015-Q4,12,December,Dec,2015-12,52,24,Thursday,4,0
2015-12-25,20151225,2015,Q4,2015-Q4,12,December,Dec,2015-12,52,25,Friday,5,0
2015-12-26,20151226,2015,Q4,2015-Q4,12,December,Dec,2015-12,52,26,Saturday,6,1
2015-12-27,20151227,2015,Q4,2015-Q4,12,December,Dec,2015-12,52,27,Sunday,7,1
2015-12-28,20151228,2015,Q4,2015-Q4,12,December,Dec,2015-12,53,28,Monday,1,0
2015-12-29,20151229,2015,Q4,2015-Q4,12,December,Dec,2015-12,53,29,Tuesday,2,0
2015-12-30,20151230,2015,Q4,2015-Q4,12,December,Dec,2015-12,53,30,Wednesday,3,0
2015-12-31,20151231,2015,Q4,2015-Q4,12,December,Dec,2015-12,53,31,Thursday,4,0
2016-01-01,20160101,2016,Q1,2016-Q1,1,January,Jan,2016-01,53,1,Friday,5,0
2016-01-02,20160102,2016,Q1,2016-Q1,1,January,Jan,2016-01,53,2,Saturday,6,1
2016-01-03,20160103,2016,Q1,2016-Q1,1,January,Jan,2016-01,53,3,Sunday,7,1
2016-01-04,20160104,2016,Q1,2016-Q1,1,January,Jan,2016-01,1,4,Monday,1,0
2016-01-05,20160105,2016,Q1,2016-Q1,1,January,Jan,2016-01,1,5,Tuesday,2,0
2016-01-06,20160106,2016,Q1,2016-Q1,1,January,Jan,2016-01,1,6,Wednesday,3,0
2016-01-07,20160107,2016,Q1,2016-Q1,1,January,Jan,2016-01,1,7,Thursday,4,0
2016-01-08,20160108,2016,Q1,2016-Q1,1,January,Jan,2016-01,1,8,Friday,5,0
2016-01-09,20160109,2016,Q1,2016-Q1,1,January,Jan,2016-01,1,9,Saturday,6,1
2016-01-10,20160110,2016,Q1,2016-Q1,1,January,Jan,2016-01,1,10,Sunday,7,1
2016-01-11,20160111,2016,Q1,2016-Q1,1,January,Jan,2016-01,2,11,Monday,1,0
2016-01-12,20160112,2016,Q1,2016-Q1,1,January,Jan,2016-01,2,12,Tuesday,2,0
2016-01-13,20160113,2016,Q1,2016-Q1,1,January,Jan,2016-01,2,13,Wednesday,3,0
2016-01-14,20160114,2016,Q1,2016-Q1,1,January,Jan,2016-01,2,14,Thursday,4,0
2016-01-15,20160115,2016,Q1,2016-Q1,1,January,Jan,2016-01,2,15,Friday,5,0
2016-01-16,20160116,2016,Q1,2016-Q1,1,January,Jan,2016-01,2,16,Saturday,6,1
2016-01-17,20160117,2016,Q1,2016-Q1,1,January,Jan,2016-01,2,17,Sunday,7,1
2016-01-18,20160118,2016,Q1,2016-Q1,1,January,Jan,2016-01,3,18,Monday,1,0
2016-01-19,20160119,2016,Q1,2016-Q1,1,January,Jan,2016-01,3,19,Tuesday,2,0
2016-01-20,20160120,2016,Q1,2016-Q1,1,January,Jan,2016-01,3,20,Wednesday,3,0
2016-01-21,20160121,2016,Q1,2016-Q1,1,January,Jan,2016-01,3,21,Thursday,4,0
2016-01-22,20160122,2016,Q1,2016-Q1,1,January,Jan,2016-01,3,22,Friday,5,0
2016-01-23,20160123,2016,Q1,2016-Q1,1,January,Jan,2016-01,3,23,Saturday,6,1
2016-01-24,20160124,2016,Q1,2016-Q1,1,January,Jan,2016-01,3,24,Sunday,7,1
2016-01-25,20160125,2016,Q1,2016-Q1,1,January,Jan,2016-01,4,25,Monday,1,0
2016-01-26,20160126,2016,Q1,2016-Q1,1,January,Jan,2016-01,4,26,Tuesday,2,0
2016-01-27,20160127,2016,Q1,2016-Q1,1,January,Jan,2016-01,4,27,Wednesday,3,0
2016-01-28,20160128,2016,Q1,2016-Q1,1,January,Jan,2016-01,4,28,Thursday,4,0
2016-01-29,20160129,2016,Q1,2016-Q1,1,January,Jan,2016-01,4,29,Friday,5,0
2016-01-30,20160130,2016,Q1,2016-Q1,1,January,Jan,2016-01,4,30,Saturday,6,1
2016-01-31,20160131,2016,Q1,2016-Q1,1,January,Jan,2016-01,4,31,Sunday,7,1
2016-02-01,20160201,2016,Q1,2016-Q1,2,February,Feb,2016-02,5,1,Monday,1,0
2016-02-02,20160202,2016,Q1,2016-Q1,2,February,Feb,2016-02,5,2,Tuesday,2,0
2016-02-03,20160203,2016,Q1,2016-Q1,2,February,Feb,2016-02,5,3,Wednesday,3,0
2016-02-04,20160204,2016,Q1,2016-Q1,2,February,Feb,2016-02,5,4,Thursday,4,0
2016-02-05,20160205,2016,Q1,2016-Q1,2,February,Feb,2016-02,5,5,Friday,5,0
2016-02-06,20160206,2016,Q1,2016-Q1,2,February,Feb,2016-02,5,6,Saturday,6,1
2016-02-07,20160207,2016,Q1,2016-Q1,2,February,Feb,2016-02,5,7,Sunday,7,1
2016-02-08,20160208,2016,Q1,2016-Q1,2,February,Feb,2016-02,6,8,Monday,1,0
2016-02-09,20160209,2016,Q1,2016-Q1,2,February,Feb,2016-02,6,9,Tuesday,2,0
2016-02-10,20160210,2016,Q1,2016-Q1,2,February,Feb,2016-02,6,10,Wednesday,3,0
2016-02-11,20160211,2016,Q1,2016-Q1,2,February,Feb,2016-02,6,11,Thursday,4,0
2016-02-12,20160212,2016,Q1,2016-Q1,2,February,Feb,2016-02,6,12,Friday,5,0
2016-02-13,20160213,2016,Q1,2016-Q1,2,February,Feb,2016-02,6,13,Saturday,6,1
2016-02-14,20160214,2016,Q1,2016-Q1,2,February,Feb,2016-02,6,14,Sunday,7,1
2016-02-15,20160215,2016,Q1,2016-Q1,2,February,Feb,2016-02,7,15,Monday,1,0
2016-02-16,20160216,2016,Q1,2016-Q1,2,February,Feb,2016-02,7,16,Tuesday,2,0
2016-02-17,20160217,2016,Q1,2016-Q1,2,February,Feb,2016-02,7,17,Wednesday,3,0
2016-02-18,20160218,2016,Q1,2016-Q1,2,February,Feb,2016-02,7,18,Thursday,4,0
2016-02-19,20160219,2016,Q1,2016-Q1,2,February,Feb,2016-02,7,19,Friday,5,0
2016-02-20,20160220,2016,Q1,2016-Q1,2,February,Feb,2016-02,7,20,Saturday,6,1
2016-02-21,20160221,2016,Q1,2016-Q1,2,February,Feb,2016-02,7,21,Sunday,7,1
2016-02-22,20160222,2016,Q1,2016-Q1,2,February,Feb,2016-02,8,22,Monday,1,0
2016-02-23,20160223,2016,Q1,2016-Q1,2,February,Feb,2016-02,8,23,Tuesday,2,0
2016-02-24,20160224,2016,Q1,2016-Q1,2,February,Feb,2016-02,8,24,Wednesday,3,0
2016-02-25,20160225,2016,Q1,2016-Q1,2,February,Feb,2016-02,8,25,Thursday,4,0
2016-02-26,20160226,2016,Q1,2016-Q1,2,February,Feb,2016-02,8,26,Friday,5,0
2016-02-27,20160227,2016,Q1,2016-Q1,2,February,Feb,2016-02,8,27,Saturday,6,1
2016-02-28,20160228,2016,Q1,2016-Q1,2,February,Feb,2016-02,8,28,Sunday,7,1
2016-02-29,20160229,2016,Q1,2016-Q1,2,February,Feb,2016-02,9,29,Monday,1,0
2016-03-01,20160301,2016,Q1,2016-Q1,3,March,Mar,2016-03,9,1,Tuesday,2,0
2016-03-02,20160302,2016,Q1,2016-Q1,3,March,Mar,2016-03,9,2,Wednesday,3,0
2016-03-03,20160303,2016,Q1,2016-Q1,3,March,Mar,2016-03,9,3,Thursday,4,0
2016-03-04,20160304,2016,Q1,2016-Q1,3,March,Mar,2016-03,9,4,Friday,5,0
2016-03-05,20160305,2016,Q1,2016-Q1,3,March,Mar,2016-03,9,5,Saturday,6,1
2016-03-06,20160306,2016,Q1,2016-Q1,3,March,Mar,2016-03,9,6,Sunday,7,1
2016-03-07,20160307,2016,Q1,2016-Q1,3,March,Mar,2016-03,10,7,Monday,1,0
2016-03-08,20160308,2016,Q1,2016-Q1,3,March,Mar,2016-03,10,8,Tuesday,2,0
2016-03-09,20160309,2016,Q1,2016-Q1,3,March,Mar,2016-03,10,9,Wednesday,3,0
2016-03-10,20160310,2016,Q1,2016-Q1,3,March,Mar,2016-03,10,10,Thursday,4,0
2016-03-11,20160311,2016,Q1,2016-Q1,3,March,Mar,2016-03,10,11,Friday,5,0
2016-03-12,20160312,2016,Q1,2016-Q1,3,March,Mar,2016-03,10,12,Saturday,6,1
2016-03-13,20160313,2016,Q1,2016-Q1,3,March,Mar,2016-03,10,13,Sunday,7,1
2016-03-14,20160314,2016,Q1,2016-Q1,3,March,Mar,2016-03,11,14,Monday,1,0
2016-03-15,20160315,2016,Q1,2016-Q1,3,March,Mar,2016-03,11,15,Tuesday,2,0
2016-03-16,20160316,2016,Q1,2016-Q1,3,March,Mar,2016-03,11,16,Wednesday,3,0
2016-03-17,20160317,2016,Q1,2016-Q1,3,March,Mar,2016-03,11,17,Thursday,4,0
2016-03-18,20160318,2016,Q1,2016-Q1,3,March,Mar,2016-03,11,18,Friday,5,0
2016-03-19,20160319,2016,Q1,2016-Q1,3,March,Mar,2016-03,11,19,Saturday,6,1
2016-03-20,20160320,2016,Q1,2016-Q1,3,March,Mar,2016-03,11,20,Sunday,7,1
2016-03-21,20160321,2016,Q1,2016-Q1,3,March,Mar,2016-03,12,21,Monday,1,0
2016-03-22,20160322,2016,Q1,2016-Q1,3,March,Mar,2016-03,12,22,Tuesday,2,0
2016-03-23,20160323,2016,Q1,2016-Q1,3,March,Mar,2016-03,12,23,Wednesday,3,0
2016-03-24,20160324,2016,Q1,2016-Q1,3,March,Mar,2016-03,12,24,Thursday,4,0
2016-03-25,20160325,2016,Q1,2016-Q1,3,March,Mar,2016-03,12,25,Friday,5,0
2016-03-26,20160326,2016,Q1,2016-Q1,3,March,Mar,2016-03,12,26,Saturday,6,1
2016-03-27,20160327,2016,Q1,2016-Q1,3,March,Mar,2016-03,12,27,Sunday,7,1
2016-03-28,20160328,2016,Q1,2016-Q1,3,March,Mar,2016-03,13,28,Monday,1,0
2016-03-29,20160329,2016,Q1,2016-Q1,3,March,Mar,2016-03,13,29,Tuesday,2,0
2016-03-30,20160330,2016,Q1,2016-Q1,3,March,Mar,2016-03,13,30,Wednesday,3,0
2016-03-31,20160331,2016,Q1,2016-Q1,3,March,Mar,2016-03,13,31,Thursday,4,0
2016-04-01,20160401,2016,Q2,2016-Q2,4,April,Apr,2016-04,13,1,Friday,5,0
2016-04-02,20160402,2016,Q2,2016-Q2,4,April,Apr,2016-04,13,2,Saturday,6,1
2016-04-03,20160403,2016,Q2,2016-Q2,4,April,Apr,2016-04,13,3,Sunday,7,1
2016-04-04,20160404,2016,Q2,2016-Q2,4,April,Apr,2016-04,14,4,Monday,1,0
2016-04-05,20160405,2016,Q2,2016-Q2,4,April,Apr,2016-04,14,5,Tuesday,2,0
2016-04-06,20160406,2016,Q2,2016-Q2,4,April,Apr,2016-04,14,6,Wednesday,3,0
2016-04-07,20160407,2016,Q2,2016-Q2,4,April,Apr,2016-04,14,7,Thursday,4,0
2016-04-08,20160408,2016,Q2,2016-Q2,4,April,Apr,2016-04,14,8,Friday,5,0
2016-04-09,20160409,2016,Q2,2016-Q2,4,April,Apr,2016-04,14,9,Saturday,6,1
2016-04-10,20160410,2016,Q2,2016-Q2,4,April,Apr,2016-04,14,10,Sunday,7,1
2016-04-11,20160411,2016,Q2,2016-Q2,4,April,Apr,2016-04,15,11,Monday,1,0
2016-04-12,20160412,2016,Q2,2016-Q2,4,April,Apr,2016-04,15,12,Tuesday,2,0
2016-04-13,20160413,2016,Q2,2016-Q2,4,April,Apr,2016-04,15,13,Wednesday,3,0
2016-04-14,20160414,2016,Q2,2016-Q2,4,April,Apr,2016-04,15,14,Thursday,4,0
2016-04-15,20160415,2016,Q2,2016-Q2,4,April,Apr,2016-04,15,15,Friday,5,0
2016-04-16,20160416,2016,Q2,2016-Q2,4,April,Apr,2016-04,15,16,Saturday,6,1
2016-04-17,20160417,2016,Q2,2016-Q2,4,April,Apr,2016-04,15,17,Sunday,7,1
2016-04-18,20160418,2016,Q2,2016-Q2,4,April,Apr,2016-04,16,18,Monday,1,0
2016-04-19,20160419,2016,Q2,2016-Q2,4,April,Apr,2016-04,16,19,Tuesday,2,0
2016-04-20,20160420,2016,Q2,2016-Q2,4,April,Apr,2016-04,16,20,Wednesday,3,0
2016-04-21,20160421,2016,Q2,2016-Q2,4,April,Apr,2016-04,16,21,Thursday,4,0
2016-04-22,20160422,2016,Q2,2016-Q2,4,April,Apr,2016-04,16,22,Friday,5,0
2016-04-23,20160423,2016,Q2,2016-Q2,4,April,Apr,2016-04,16,23,Saturday,6,1
2016-04-24,20160424,2016,Q2,2016-Q2,4,April,Apr,2016-04,16,24,Sunday,7,1
2016-04-25,20160425,2016,Q2,2016-Q2,4,April,Apr,2016-04,17,25,Monday,1,0
2016-04-26,20160426,2016,Q2,2016-Q2,4,April,Apr,2016-04,17,26,Tuesday,2,0
2016-04-27,20160427,2016,Q2,2016-Q2,4,April,Apr,2016-04,17,27,Wednesday,3,0
2016-04-28,20160428,2016,Q2,2016-Q2,4,April,Apr,2016-04,17,28,Thursday,4,0
2016-04-29,20160429,2016,Q2,2016-Q2,4,April,Apr,2016-04,17,29,Friday,5,0
2016-04-30,20160430,2016,Q2,2016-Q2,4,April,Apr,2016-04,17,30,Saturday,6,1
2016-05-01,20160501,2016,Q2,2016-Q2,5,May,May,2016-05,17,1,Sunday,7,1
2016-05-02,20160502,2016,Q2,2016-Q2,5,May,May,2016-05,18,2,Monday,1,0
2016-05-03,20160503,2016,Q2,2016-Q2,5,May,May,2016-05,18,3,Tuesday,2,0
2016-05-04,20160504,2016,Q2,2016-Q2,5,May,May,2016-05,18,4,Wednesday,3,0
2016-05-05,20160505,2016,Q2,2016-Q2,5,May,May,2016-05,18,5,Thursday,4,0
2016-05-06,20160506,2016,Q2,2016-Q2,5,May,May,2016-05,18,6,Friday,5,0
2016-05-07,20160507,2016,Q2,2016-Q2,5,May,May,2016-05,18,7,Saturday,6,1
2016-05-08,20160508,2016,Q2,2016-Q2,5,May,May,2016-05,18,8,Sunday,7,1
2016-05-09,20160509,2016,Q2,2016-Q2,5,May,May,2016-05,19,9,Monday,1,0
2016-05-10,20160510,2016,Q2,2016-Q2,5,May,May,2016-05,19,10,Tuesday,2,0
2016-05-11,20160511,2016,Q2,2016-Q2,5,May,May,2016-05,19,11,Wednesday,3,0
2016-05-12,20160512,2016,Q2,2016-Q2,5,May,May,2016-05,19,12,Thursday,4,0
2016-05-13,20160513,2016,Q2,2016-Q2,5,May,May,2016-05,19,13,Friday,5,0
2016-05-14,20160514,2016,Q2,2016-Q2,5,May,May,2016-05,19,14,Saturday,6,1
2016-05-15,20160515,2016,Q2,2016-Q2,5,May,May,2016-05,19,15,Sunday,7,1
2016-05-16,20160516,2016,Q2,2016-Q2,5,May,May,2016-05,20,16,Monday,1,0
2016-05-17,20160517,2016,Q2,2016-Q2,5,May,May,2016-05,20,17,Tuesday,2,0
2016-05-18,20160518,2016,Q2,2016-Q2,5,May,May,2016-05,20,18,Wednesday,3,0
2016-05-19,20160519,2016,Q2,2016-Q2,5,May,May,2016-05,20,19,Thursday,4,0
2016-05-20,20160520,2016,Q2,2016-Q2,5,May,May,2016-05,20,20,Friday,5,0
2016-05-21,20160521,2016,Q2,2016-Q2,5,May,May,2016-05,20,21,Saturday,6,1
2016-05-22,20160522,2016,Q2,2016-Q2,5,May,May,2016-05,20,22,Sunday,7,1
2016-05-23,20160523,2016,Q2,2016-Q2,5,May,May,2016-05,21,23,Monday,1,0
2016-05-24,20160524,2016,Q2,2016-Q2,5,May,May,2016-05,21,24,Tuesday,2,0
2016-05-25,20160525,2016,Q2,2016-Q2,5,May,May,2016-05,21,25,Wednesday,3,0
2016-05-26,20160526,2016,Q2,2016-Q2,5,May,May,2016-05,21,26,Thursday,4,0
2016-05-27,20160527,2016,Q2,2016-Q2,5,May,May,2016-05,21,27,Friday,5,0
2016-05-28,20160528,2016,Q2,2016-Q2,5,May,May,2016-05,21,28,Saturday,6,1
2016-05-29,20160529,2016,Q2,2016-Q2,5,May,May,2016-05,21,29,Sunday,7,1
2016-05-30,20160530,2016,Q2,2016-Q2,5,May,May,2016-05,22,30,Monday,1,0
2016-05-31,20160531,2016,Q2,2016-Q2,5,May,May,2016-05,22,31,Tuesday,2,0
2016-06-01,20160601,2016,Q2,2016-Q2,6,June,Jun,2016-06,22,1,Wednesday,3,0
2016-06-02,20160602,2016,Q2,2016-Q2,6,June,Jun,2016-06,22,2,Thursday,4,0
2016-06-03,20160603,2016,Q2,2016-Q2,6,June,Jun,2016-06,22,3,Friday,5,0
2016-06-04,20160604,2016,Q2,2016-Q2,6,June,Jun,2016-06,22,4,Saturday,6,1
2016-06-05,20160605,2016,Q2,2016-Q2,6,June,Jun,2016-06,22,5,Sunday,7,1
2016-06-06,20160606,2016,Q2,2016-Q2,6,June,Jun,2016-06,23,6,Monday,1,0
2016-06-07,20160607,2016,Q2,2016-Q2,6,June,Jun,2016-06,23,7,Tuesday,2,0
2016-06-08,20160608,2016,Q2,2016-Q2,6,June,Jun,2016-06,23,8,Wednesday,3,0
2016-06-09,20160609,2016,Q2,2016-Q2,6,June,Jun,2016-06,23,9,Thursday,4,0
2016-06-10,20160610,2016,Q2,2016-Q2,6,June,Jun,2016-06,23,10,Friday,5,0
2016-06-11,20160611,2016,Q2,2016-Q2,6,June,Jun,2016-06,23,11,Saturday,6,1
2016-06-12,20160612,2016,Q2,2016-Q2,6,June,Jun,2016-06,23,12,Sunday,7,1
2016-06-13,20160613,2016,Q2,2016-Q2,6,June,Jun,2016-06,24,13,Monday,1,0
2016-06-14,20160614,2016,Q2,2016-Q2,6,June,Jun,2016-06,24,14,Tuesday,2,0
2016-06-15,20160615,2016,Q2,2016-Q2,6,June,Jun,2016-06,24,15,Wednesday,3,0
2016-06-16,20160616,2016,Q2,2016-Q2,6,June,Jun,2016-06,24,16,Thursday,4,0
2016-06-17,20160617,2016,Q2,2016-Q2,6,June,Jun,2016-06,24,17,Friday,5,0
2016-06-18,20160618,2016,Q2,2016-Q2,6,June,Jun,2016-06,24,18,Saturday,6,1
2016-06-19,20160619,2016,Q2,2016-Q2,6,June,Jun,2016-06,24,19,Sunday,7,1
2016-06-20,20160620,2016,Q2,2016-Q2,6,June,Jun,2016-06,25,20,Monday,1,0
2016-06-21,20160621,2016,Q2,2016-Q2,6,June,Jun,2016-06,25,21,Tuesday,2,0
2016-06-22,20160622,2016,Q2,2016-Q2,6,June,Jun,2016-06,25,22,Wednesday,3,0
2016-06-23,20160623,2016,Q2,2016-Q2,6,June,Jun,2016-06,25,23,Thursday,4,0
2016-06-24,20160624,2016,Q2,2016-Q2,6,June,Jun,2016-06,25,24,Friday,5,0
2016-06-25,20160625,2016,Q2,2016-Q2,6,June,Jun,2016-06,25,25,Saturday,6,1
2016-06-26,20160626,2016,Q2,2016-Q2,6,June,Jun,2016-06,25,26,Sunday,7,1
2016-06-27,20160627,2016,Q2,2016-Q2,6,June,Jun,2016-06,26,27,Monday,1,0
2016-06-28,20160628,2016,Q2,2016-Q2,6,June,Jun,2016-06,26,28,Tuesday,2,0
2016-06-29,20160629,2016,Q2,2016-Q2,6,June,Jun,2016-06,26,29,Wednesday,3,0
2016-06-30,20160630,2016,Q2,2016-Q2,6,June,Jun,2016-06,26,30,Thursday,4,0
2016-07-01,20160701,2016,Q3,2016-Q3,7,July,Jul,2016-07,26,1,Friday,5,0
2016-07-02,20160702,2016,Q3,2016-Q3,7,July,Jul,2016-07,26,2,Saturday,6,1
2016-07-03,20160703,2016,Q3,2016-Q3,7,July,Jul,2016-07,26,3,Sunday,7,1
2016-07-04,20160704,2016,Q3,2016-Q3,7,July,Jul,2016-07,27,4,Monday,1,0
2016-07-05,20160705,2016,Q3,2016-Q3,7,July,Jul,2016-07,27,5,Tuesday,2,0
2016-07-06,20160706,2016,Q3,2016-Q3,7,July,Jul,2016-07,27,6,Wednesday,3,0
2016-07-07,20160707,2016,Q3,2016-Q3,7,July,Jul,2016-07,27,7,Thursday,4,0
2016-07-08,20160708,2016,Q3,2016-Q3,7,July,Jul,2016-07,27,8,Friday,5,0
2016-07-09,20160709,2016,Q3,2016-Q3,7,July,Jul,2016-07,27,9,Saturday,6,1
2016-07-10,20160710,2016,Q3,2016-Q3,7,July,Jul,2016-07,27,10,Sunday,7,1
2016-07-11,20160711,2016,Q3,2016-Q3,7,July,Jul,2016-07,28,11,Monday,1,0
2016-07-12,20160712,2016,Q3,2016-Q3,7,July,Jul,2016-07,28,12,Tuesday,2,0
2016-07-13,20160713,2016,Q3,2016-Q3,7,July,Jul,2016-07,28,13,Wednesday,3,0
2016-07-14,20160714,2016,Q3,2016-Q3,7,July,Jul,2016-07,28,14,Thursday,4,0
2016-07-15,20160715,2016,Q3,2016-Q3,7,July,Jul,2016-07,28,15,Friday,5,0
2016-07-16,20160716,2016,Q3,2016-Q3,7,July,Jul,2016-07,28,16,Saturday,6,1
2016-07-17,20160717,2016,Q3,2016-Q3,7,July,Jul,2016-07,28,17,Sunday,7,1
2016-07-18,20160718,2016,Q3,2016-Q3,7,July,Jul,2016-07,29,18,Monday,1,0
2016-07-19,20160719,2016,Q3,2016-Q3,7,July,Jul,2016-07,29,19,Tuesday,2,0
2016-07-20,20160720,2016,Q3,2016-Q3,7,July,Jul,2016-07,29,20,Wednesday,3,0
2016-07-21,20160721,2016,Q3,2016-Q3,7,July,Jul,2016-07,29,21,Thursday,4,0
2016-07-22,20160722,2016,Q3,2016-Q3,7,July,Jul,2016-07,29,22,Friday,5,0
2016-07-23,20160723,2016,Q3,2016-Q3,7,July,Jul,2016-07,29,23,Saturday,6,1
2016-07-24,20160724,2016,Q3,2016-Q3,7,July,Jul,2016-07,29,24,Sunday,7,1
2016-07-25,20160725,2016,Q3,2016-Q3,7,July,Jul,2016-07,30,25,Monday,1,0
2016-07-26,20160726,2016,Q3,2016-Q3,7,July,Jul,2016-07,30,26,Tuesday,2,0
2016-07-27,20160727,2016,Q3,2016-Q3,7,July,Jul,2016-07,30,27,Wednesday,3,0
2016-07-28,20160728,2016,Q3,2016-Q3,7,July,Jul,2016-07,30,28,Thursday,4,0
2016-07-29,20160729,2016,Q3,2016-Q3,7,July,Jul,2016-07,30,29,Friday,5,0
2016-07-30,20160730,2016,Q3,2016-Q3,7,July,Jul,2016-07,30,30,Saturday,6,1
2016-07-31,20160731,2016,Q3,2016-Q3,7,July,Jul,2016-07,30,31,Sunday,7,1
2016-08-01,20160801,2016,Q3,2016-Q3,8,August,Aug,2016-08,31,1,Monday,1,0
2016-08-02,20160802,2016,Q3,2016-Q3,8,August,Aug,2016-08,31,2,Tuesday,2,0
2016-08-03,20160803,2016,Q3,2016-Q3,8,August,Aug,2016-08,31,3,Wednesday,3,0
2016-08-04,20160804,2016,Q3,2016-Q3,8,August,Aug,2016-08,31,4,Thursday,4,0
2016-08-05,20160805,2016,Q3,2016-Q3,8,August,Aug,2016-08,31,5,Friday,5,0
2016-08-06,20160806,2016,Q3,2016-Q3,8,August,Aug,2016-08,31,6,Saturday,6,1
2016-08-07,20160807,2016,Q3,2016-Q3,8,August,Aug,2016-08,31,7,Sunday,7,1
2016-08-08,20160808,2016,Q3,2016-Q3,8,August,Aug,2016-08,32,8,Monday,1,0
2016-08-09,20160809,2016,Q3,2016-Q3,8,August,Aug,2016-08,32,9,Tuesday,2,0
2016-08-10,20160810,2016,Q3,2016-Q3,8,August,Aug,2016-08,32,10,Wednesday,3,0
2016-08-11,20160811,2016,Q3,2016-Q3,8,August,Aug,2016-08,32,11,Thursday,4,0
2016-08-12,20160812,2016,Q3,2016-Q3,8,August,Aug,2016-08,32,12,Friday,5,0
2016-08-13,20160813,2016,Q3,2016-Q3,8,August,Aug,2016-08,32,13,Saturday,6,1
2016-08-14,20160814,2016,Q3,2016-Q3,8,August,Aug,2016-08,32,14,Sunday,7,1
2016-08-15,20160815,2016,Q3,2016-Q3,8,August,Aug,2016-08,33,15,Monday,1,0
2016-08-16,20160816,2016,Q3,2016-Q3,8,August,Aug,2016-08,33,16,Tuesday,2,0
2016-08-17,20160817,2016,Q3,2016-Q3,8,August,Aug,2016-08,33,17,Wednesday,3,0
2016-08-18,20160818,2016,Q3,2016-Q3,8,August,Aug,2016-08,33,18,Thursday,4,0
2016-08-19,20160819,2016,Q3,2016-Q3,8,August,Aug,2016-08,33,19,Friday,5,0
2016-08-20,20160820,2016,Q3,2016-Q3,8,August,Aug,2016-08,33,20,Saturday,6,1
2016-08-21,20160821,2016,Q3,2016-Q3,8,August,Aug,2016-08,33,21,Sunday,7,1
2016-08-22,20160822,2016,Q3,2016-Q3,8,August,Aug,2016-08,34,22,Monday,1,0
2016-08-23,20160823,2016,Q3,2016-Q3,8,August,Aug,2016-08,34,23,Tuesday,2,0
2016-08-24,20160824,2016,Q3,2016-Q3,8,August,Aug,2016-08,34,24,Wednesday,3,0
2016-08-25,20160825,2016,Q3,2016-Q3,8,August,Aug,2016-08,34,25,Thursday,4,0
2016-08-26,20160826,2016,Q3,2016-Q3,8,August,Aug,2016-08,34,26,Friday,5,0
2016-08-27,20160827,2016,Q3,2016-Q3,8,August,Aug,2016-08,34,27,Saturday,6,1
2016-08-28,20160828,2016,Q3,2016-Q3,8,August,Aug,2016-08,34,28,Sunday,7,1
2016-08-29,20160829,2016,Q3,2016-Q3,8,August,Aug,2016-08,35,29,Monday,1,0
2016-08-30,20160830,2016,Q3,2016-Q3,8,August,Aug,2016-08,35,30,Tuesday,2,0
2016-08-31,20160831,2016,Q3,2016-Q3,8,August,Aug,2016-08,35,31,Wednesday,3,0
2016-09-01,20160901,2016,Q3,2016-Q3,9,September,Sep,2016-09,35,1,Thursday,4,0
2016-09-02,20160902,2016,Q3,2016-Q3,9,September,Sep,2016-09,35,2,Friday,5,0
2016-09-03,20160903,2016,Q3,2016-Q3,9,September,Sep,2016-09,35,3,Saturday,6,1
2016-09-04,20160904,2016,Q3,2016-Q3,9,September,Sep,2016-09,35,4,Sunday,7,1
2016-09-05,20160905,2016,Q3,2016-Q3,9,September,Sep,2016-09,36,5,Monday,1,0
2016-09-06,20160906,2016,Q3,2016-Q3,9,September,Sep,2016-09,36,6,Tuesday,2,0
2016-09-07,20160907,2016,Q3,2016-Q3,9,September,Sep,2016-09,36,7,Wednesday,3,0
2016-09-08,20160908,2016,Q3,2016-Q3,9,September,Sep,2016-09,36,8,Thursday,4,0
2016-09-09,20160909,2016,Q3,2016-Q3,9,September,Sep,2016-09,36,9,Friday,5,0
2016-09-10,20160910,2016,Q3,2016-Q3,9,September,Sep,2016-09,36,10,Saturday,6,1
2016-09-11,20160911,2016,Q3,2016-Q3,9,September,Sep,2016-09,36,11,Sunday,7,1
2016-09-12,20160912,2016,Q3,2016-Q3,9,September,Sep,2016-09,37,12,Monday,1,0
2016-09-13,20160913,2016,Q3,2016-Q3,9,September,Sep,2016-09,37,13,Tuesday,2,0
2016-09-14,20160914,2016,Q3,2016-Q3,9,September,Sep,2016-09,37,14,Wednesday,3,0
2016-09-15,20160915,2016,Q3,2016-Q3,9,September,Sep,2016-09,37,15,Thursday,4,0
2016-09-16,20160916,2016,Q3,2016-Q3,9,September,Sep,2016-09,37,16,Friday,5,0
2016-09-17,20160917,2016,Q3,2016-Q3,9,September,Sep,2016-09,37,17,Saturday,6,1
2016-09-18,20160918,2016,Q3,2016-Q3,9,September,Sep,2016-09,37,18,Sunday,7,1
2016-09-19,20160919,2016,Q3,2016-Q3,9,September,Sep,2016-09,38,19,Monday,1,0
2016-09-20,20160920,2016,Q3,2016-Q3,9,September,Sep,2016-09,38,20,Tuesday,2,0
2016-09-21,20160921,2016,Q3,2016-Q3,9,September,Sep,2016-09,38,21,Wednesday,3,0
2016-09-22,20160922,2016,Q3,2016-Q3,9,September,Sep,2016-09,38,22,Thursday,4,0
2016-09-23,20160923,2016,Q3,2016-Q3,9,September,Sep,2016-09,38,23,Friday,5,0
2016-09-24,20160924,2016,Q3,2016-Q3,9,September,Sep,2016-09,38,24,Saturday,6,1
2016-09-25,20160925,2016,Q3,2016-Q3,9,September,Sep,2016-09,38,25,Sunday,7,1
2016-09-26,20160926,2016,Q3,2016-Q3,9,September,Sep,2016-09,39,26,Monday,1,0
2016-09-27,20160927,2016,Q3,2016-Q3,9,September,Sep,2016-09,39,27,Tuesday,2,0
2016-09-28,20160928,2016,Q3,2016-Q3,9,September,Sep,2016-09,39,28,Wednesday,3,0
2016-09-29,20160929,2016,Q3,2016-Q3,9,September,Sep,2016-09,39,29,Thursday,4,0
2016-09-30,20160930,2016,Q3,2016-Q3,9,September,Sep,2016-09,39,30,Friday,5,0
2016-10-01,20161001,2016,Q4,2016-Q4,10,October,Oct,2016-10,39,1,Saturday,6,1
2016-10-02,20161002,2016,Q4,2016-Q4,10,October,Oct,2016-10,39,2,Sunday,7,1
2016-10-03,20161003,2016,Q4,2016-Q4,10,October,Oct,2016-10,40,3,Monday,1,0
2016-10-04,20161004,2016,Q4,2016-Q4,10,October,Oct,2016-10,40,4,Tuesday,2,0
2016-10-05,20161005,2016,Q4,2016-Q4,10,October,Oct,2016-10,40,5,Wednesday,3,0
2016-10-06,20161006,2016,Q4,2016-Q4,10,October,Oct,2016-10,40,6,Thursday,4,0
2016-10-07,20161007,2016,Q4,2016-Q4,10,October,Oct,2016-10,40,7,Friday,5,0
2016-10-08,20161008,2016,Q4,2016-Q4,10,October,Oct,2016-10,40,8,Saturday,6,1
2016-10-09,20161009,2016,Q4,2016-Q4,10,October,Oct,2016-10,40,9,Sunday,7,1
2016-10-10,20161010,2016,Q4,2016-Q4,10,October,Oct,2016-10,41,10,Monday,1,0
2016-10-11,20161011,2016,Q4,2016-Q4,10,October,Oct,2016-10,41,11,Tuesday,2,0
2016-10-12,20161012,2016,Q4,2016-Q4,10,October,Oct,2016-10,41,12,Wednesday,3,0
2016-10-13,20161013,2016,Q4,2016-Q4,10,October,Oct,2016-10,41,13,Thursday,4,0
2016-10-14,20161014,2016,Q4,2016-Q4,10,October,Oct,2016-10,41,14,Friday,5,0
2016-10-15,20161015,2016,Q4,2016-Q4,10,October,Oct,2016-10,41,15,Saturday,6,1
2016-10-16,20161016,2016,Q4,2016-Q4,10,October,Oct,2016-10,41,16,Sunday,7,1
2016-10-17,20161017,2016,Q4,2016-Q4,10,October,Oct,2016-10,42,17,Monday,1,0
2016-10-18,20161018,2016,Q4,2016-Q4,10,October,Oct,2016-10,42,18,Tuesday,2,0
2016-10-19,20161019,2016,Q4,2016-Q4,10,October,Oct,2016-10,42,19,Wednesday,3,0
2016-10-20,20161020,2016,Q4,2016-Q4,10,October,Oct,2016-10,42,20,Thursday,4,0
2016-10-21,20161021,2016,Q4,2016-Q4,10,October,Oct,2016-10,42,21,Friday,5,0
2016-10-22,20161022,2016,Q4,2016-Q4,10,October,Oct,2016-10,42,22,Saturday,6,1
2016-10-23,20161023,2016,Q4,2016-Q4,10,October,Oct,2016-10,42,23,Sunday,7,1
2016-10-24,20161024,2016,Q4,2016-Q4,10,October,Oct,2016-10,43,24,Monday,1,0
2016-10-25,20161025,2016,Q4,2016-Q4,10,October,Oct,2016-10,43,25,Tuesday,2,0
2016-10-26,20161026,2016,Q4,2016-Q4,10,October,Oct,2016-10,43,26,Wednesday,3,0
2016-10-27,20161027,2016,Q4,2016-Q4,10,October,Oct,2016-10,43,27,Thursday,4,0
2016-10-28,20161028,2016,Q4,2016-Q4,10,October,Oct,2016-10,43,28,Friday,5,0
2016-10-29,20161029,2016,Q4,2016-Q4,10,October,Oct,2016-10,43,29,Saturday,6,1
2016-10-30,20161030,2016,Q4,2016-Q4,10,October,Oct,2016-10,43,30,Sunday,7,1
2016-10-31,20161031,2016,Q4,2016-Q4,10,October,Oct,2016-10,44,31,Monday,1,0
2016-11-01,20161101,2016,Q4,2016-Q4,11,November,Nov,2016-11,44,1,Tuesday,2,0
2016-11-02,20161102,2016,Q4,2016-Q4,11,November,Nov,2016-11,44,2,Wednesday,3,0
2016-11-03,20161103,2016,Q4,2016-Q4,11,November,Nov,2016-11,44,3,Thursday,4,0
2016-11-04,20161104,2016,Q4,2016-Q4,11,November,Nov,2016-11,44,4,Friday,5,0
2016-11-05,20161105,2016,Q4,2016-Q4,11,November,Nov,2016-11,44,5,Saturday,6,1
2016-11-06,20161106,2016,Q4,2016-Q4,11,November,Nov,2016-11,44,6,Sunday,7,1
2016-11-07,20161107,2016,Q4,2016-Q4,11,November,Nov,2016-11,45,7,Monday,1,0
2016-11-08,20161108,2016,Q4,2016-Q4,11,November,Nov,2016-11,45,8,Tuesday,2,0
2016-11-09,20161109,2016,Q4,2016-Q4,11,November,Nov,2016-11,45,9,Wednesday,3,0
2016-11-10,20161110,2016,Q4,2016-Q4,11,November,Nov,2016-11,45,10,Thursday,4,0
2016-11-11,20161111,2016,Q4,2016-Q4,11,November,Nov,2016-11,45,11,Friday,5,0
2016-11-12,20161112,2016,Q4,2016-Q4,11,November,Nov,2016-11,45,12,Saturday,6,1
2016-11-13,20161113,2016,Q4,2016-Q4,11,November,Nov,2016-11,45,13,Sunday,7,1
2016-11-14,20161114,2016,Q4,2016-Q4,11,November,Nov,2016-11,46,14,Monday,1,0
2016-11-15,20161115,2016,Q4,2016-Q4,11,November,Nov,2016-11,46,15,Tuesday,2,0
2016-11-16,20161116,2016,Q4,2016-Q4,11,November,Nov,2016-11,46,16,Wednesday,3,0
2016-11-17,20161117,2016,Q4,2016-Q4,11,November,Nov,2016-11,46,17,Thursday,4,0
2016-11-18,20161118,2016,Q4,2016-Q4,11,November,Nov,2016-11,46,18,Friday,5,0
2016-11-19,20161119,2016,Q4,2016-Q4,11,November,Nov,2016-11,46,19,Saturday,6,1
2016-11-20,20161120,2016,Q4,2016-Q4,11,November,Nov,2016-11,46,20,Sunday,7,1
2016-11-21,20161121,2016,Q4,2016-Q4,11,November,Nov,2016-11,47,21,Monday,1,0
2016-11-22,20161122,2016,Q4,2016-Q4,11,November,Nov,2016-11,47,22,Tuesday,2,0
2016-11-23,20161123,2016,Q4,2016-Q4,11,November,Nov,2016-11,47,23,Wednesday,3,0
2016-11-24,20161124,2016,Q4,2016-Q4,11,November,Nov,2016-11,47,24,Thursday,4,0
2016-11-25,20161125,2016,Q4,2016-Q4,11,November,Nov,2016-11,47,25,Friday,5,0
2016-11-26,20161126,2016,Q4,2016-Q4,11,November,Nov,2016-11,47,26,Saturday,6,1
2016-11-27,20161127,2016,Q4,2016-Q4,11,November,Nov,2016-11,47,27,Sunday,7,1
2016-11-28,20161128,2016,Q4,2016-Q4,11,November,Nov,2016-11,48,28,Monday,1,0
2016-11-29,20161129,2016,Q4,2016-Q4,11,November,Nov,2016-11,48,29,Tuesday,2,0
2016-11-30,20161130,2016,Q4,2016-Q4,11,November,Nov,2016-11,48,30,Wednesday,3,0
2016-12-01,20161201,2016,Q4,2016-Q4,12,December,Dec,2016-12,48,1,Thursday,4,0
2016-12-02,20161202,2016,Q4,2016-Q4,12,December,Dec,2016-12,48,2,Friday,5,0
2016-12-03,20161203,2016,Q4,2016-Q4,12,December,Dec,2016-12,48,3,Saturday,6,1
2016-12-04,20161204,2016,Q4,2016-Q4,12,December,Dec,2016-12,48,4,Sunday,7,1
2016-12-05,20161205,2016,Q4,2016-Q4,12,December,Dec,2016-12,49,5,Monday,1,0
2016-12-06,20161206,2016,Q4,2016-Q4,12,December,Dec,2016-12,49,6,Tuesday,2,0
2016-12-07,20161207,2016,Q4,2016-Q4,12,December,Dec,2016-12,49,7,Wednesday,3,0
2016-12-08,20161208,2016,Q4,2016-Q4,12,December,Dec,2016-12,49,8,Thursday,4,0
2016-12-09,20161209,2016,Q4,2016-Q4,12,December,Dec,2016-12,49,9,Friday,5,0
2016-12-10,20161210,2016,Q4,2016-Q4,12,December,Dec,2016-12,49,10,Saturday,6,1
2016-12-11,20161211,2016,Q4,2016-Q4,12,December,Dec,2016-12,49,11,Sunday,7,1
2016-12-12,20161212,2016,Q4,2016-Q4,12,December,Dec,2016-12,50,12,Monday,1,0
2016-12-13,20161213,2016,Q4,2016-Q4,12,December,Dec,2016-12,50,13,Tuesday,2,0
2016-12-14,20161214,2016,Q4,2016-Q4,12,December,Dec,2016-12,50,14,Wednesday,3,0
2016-12-15,20161215,2016,Q4,2016-Q4,12,December,Dec,2016-12,50,15,Thursday,4,0
2016-12-16,20161216,2016,Q4,2016-Q4,12,December,Dec,2016-12,50,16,Friday,5,0
2016-12-17,20161217,2016,Q4,2016-Q4,12,December,Dec,2016-12,50,17,Saturday,6,1
2016-12-18,20161218,2016,Q4,2016-Q4,12,December,Dec,2016-12,50,18,Sunday,7,1
2016-12-19,20161219,2016,Q4,2016-Q4,12,December,Dec,2016-12,51,19,Monday,1,0
2016-12-20,20161220,2016,Q4,2016-Q4,12,December,Dec,2016-12,51,20,Tuesday,2,0
2016-12-21,20161221,2016,Q4,2016-Q4,12,December,Dec,2016-12,51,21,Wednesday,3,0
2016-12-22,20161222,2016,Q4,2016-Q4,12,December,Dec,2016-12,51,22,Thursday,4,0
2016-12-23,20161223,2016,Q4,2016-Q4,12,December,Dec,2016-12,51,23,Friday,5,0
2016-12-24,20161224,2016,Q4,2016-Q4,12,December,Dec,2016-12,51,24,Saturday,6,1
2016-12-25,20161225,2016,Q4,2016-Q4,12,December,Dec,2016-12,51,25,Sunday,7,1
2016-12-26,20161226,2016,Q4,2016-Q4,12,December,Dec,2016-12,52,26,Monday,1,0
2016-12-27,20161227,2016,Q4,2016-Q4,12,December,Dec,2016-12,52,27,Tuesday,2,0
2016-12-28,20161228,2016,Q4,2016-Q4,12,December,Dec,2016-12,52,28,Wednesday,3,0
2016-12-29,20161229,2016,Q4,2016-Q4,12,December,Dec,2016-12,52,29,Thursday,4,0
2016-12-30,20161230,2016,Q4,2016-Q4,12,December,Dec,2016-12,52,30,Friday,5,0
2016-12-31,20161231,2016,Q4,2016-Q4,12,December,Dec,2016-12,52,31,Saturday,6,1
2017-01-01,20170101,2017,Q1,2017-Q1,1,January,Jan,2017-01,52,1,Sunday,7,1
2017-01-02,20170102,2017,Q1,2017-Q1,1,January,Jan,2017-01,1,2,Monday,1,0
2017-01-03,20170103,2017,Q1,2017-Q1,1,January,Jan,2017-01,1,3,Tuesday,2,0
2017-01-04,20170104,2017,Q1,2017-Q1,1,January,Jan,2017-01,1,4,Wednesday,3,0
2017-01-05,20170105,2017,Q1,2017-Q1,1,January,Jan,2017-01,1,5,Thursday,4,0
2017-01-06,20170106,2017,Q1,2017-Q1,1,January,Jan,2017-01,1,6,Friday,5,0
2017-01-07,20170107,2017,Q1,2017-Q1,1,January,Jan,2017-01,1,7,Saturday,6,1
2017-01-08,20170108,2017,Q1,2017-Q1,1,January,Jan,2017-01,1,8,Sunday,7,1
2017-01-09,20170109,2017,Q1,2017-Q1,1,January,Jan,2017-01,2,9,Monday,1,0
2017-01-10,20170110,2017,Q1,2017-Q1,1,January,Jan,2017-01,2,10,Tuesday,2,0
2017-01-11,20170111,2017,Q1,2017-Q1,1,January,Jan,2017-01,2,11,Wednesday,3,0
2017-01-12,20170112,2017,Q1,2017-Q1,1,January,Jan,2017-01,2,12,Thursday,4,0
2017-01-13,20170113,2017,Q1,2017-Q1,1,January,Jan,2017-01,2,13,Friday,5,0
2017-01-14,20170114,2017,Q1,2017-Q1,1,January,Jan,2017-01,2,14,Saturday,6,1
2017-01-15,20170115,2017,Q1,2017-Q1,1,January,Jan,2017-01,2,15,Sunday,7,1
2017-01-16,20170116,2017,Q1,2017-Q1,1,January,Jan,2017-01,3,16,Monday,1,0
2017-01-17,20170117,2017,Q1,2017-Q1,1,January,Jan,2017-01,3,17,Tuesday,2,0
2017-01-18,20170118,2017,Q1,2017-Q1,1,January,Jan,2017-01,3,18,Wednesday,3,0
2017-01-19,20170119,2017,Q1,2017-Q1,1,January,Jan,2017-01,3,19,Thursday,4,0
2017-01-20,20170120,2017,Q1,2017-Q1,1,January,Jan,2017-01,3,20,Friday,5,0
2017-01-21,20170121,2017,Q1,2017-Q1,1,January,Jan,2017-01,3,21,Saturday,6,1
2017-01-22,20170122,2017,Q1,2017-Q1,1,January,Jan,2017-01,3,22,Sunday,7,1
2017-01-23,20170123,2017,Q1,2017-Q1,1,January,Jan,2017-01,4,23,Monday,1,0
2017-01-24,20170124,2017,Q1,2017-Q1,1,January,Jan,2017-01,4,24,Tuesday,2,0
2017-01-25,20170125,2017,Q1,2017-Q1,1,January,Jan,2017-01,4,25,Wednesday,3,0
2017-01-26,20170126,2017,Q1,2017-Q1,1,January,Jan,2017-01,4,26,Thursday,4,0
2017-01-27,20170127,2017,Q1,2017-Q1,1,January,Jan,2017-01,4,27,Friday,5,0
2017-01-28,20170128,2017,Q1,2017-Q1,1,January,Jan,2017-01,4,28,Saturday,6,1
2017-01-29,20170129,2017,Q1,2017-Q1,1,January,Jan,2017-01,4,29,Sunday,7,1
2017-01-30,20170130,2017,Q1,2017-Q1,1,January,Jan,2017-01,5,30,Monday,1,0
2017-01-31,20170131,2017,Q1,2017-Q1,1,January,Jan,2017-01,5,31,Tuesday,2,0
2017-02-01,20170201,2017,Q1,2017-Q1,2,February,Feb,2017-02,5,1,Wednesday,3,0
2017-02-02,20170202,2017,Q1,2017-Q1,2,February,Feb,2017-02,5,2,Thursday,4,0
2017-02-03,20170203,2017,Q1,2017-Q1,2,February,Feb,2017-02,5,3,Friday,5,0
2017-02-04,20170204,2017,Q1,2017-Q1,2,February,Feb,2017-02,5,4,Saturday,6,1
2017-02-05,20170205,2017,Q1,2017-Q1,2,February,Feb,2017-02,5,5,Sunday,7,1
2017-02-06,20170206,2017,Q1,2017-Q1,2,February,Feb,2017-02,6,6,Monday,1,0
2017-02-07,20170207,2017,Q1,2017-Q1,2,February,Feb,2017-02,6,7,Tuesday,2,0
2017-02-08,20170208,2017,Q1,2017-Q1,2,February,Feb,2017-02,6,8,Wednesday,3,0
2017-02-09,20170209,2017,Q1,2017-Q1,2,February,Feb,2017-02,6,9,Thursday,4,0
2017-02-10,20170210,2017,Q1,2017-Q1,2,February,Feb,2017-02,6,10,Friday,5,0
2017-02-11,20170211,2017,Q1,2017-Q1,2,February,Feb,2017-02,6,11,Saturday,6,1
2017-02-12,20170212,2017,Q1,2017-Q1,2,February,Feb,2017-02,6,12,Sunday,7,1
2017-02-13,20170213,2017,Q1,2017-Q1,2,February,Feb,2017-02,7,13,Monday,1,0
2017-02-14,20170214,2017,Q1,2017-Q1,2,February,Feb,2017-02,7,14,Tuesday,2,0
2017-02-15,20170215,2017,Q1,2017-Q1,2,February,Feb,2017-02,7,15,Wednesday,3,0
2017-02-16,20170216,2017,Q1,2017-Q1,2,February,Feb,2017-02,7,16,Thursday,4,0
2017-02-17,20170217,2017,Q1,2017-Q1,2,February,Feb,2017-02,7,17,Friday,5,0
2017-02-18,20170218,2017,Q1,2017-Q1,2,February,Feb,2017-02,7,18,Saturday,6,1
2017-02-19,20170219,2017,Q1,2017-Q1,2,February,Feb,2017-02,7,19,Sunday,7,1
2017-02-20,20170220,2017,Q1,2017-Q1,2,February,Feb,2017-02,8,20,Monday,1,0
2017-02-21,20170221,2017,Q1,2017-Q1,2,February,Feb,2017-02,8,21,Tuesday,2,0
2017-02-22,20170222,2017,Q1,2017-Q1,2,February,Feb,2017-02,8,22,Wednesday,3,0
2017-02-23,20170223,2017,Q1,2017-Q1,2,February,Feb,2017-02,8,23,Thursday,4,0
2017-02-24,20170224,2017,Q1,2017-Q1,2,February,Feb,2017-02,8,24,Friday,5,0
2017-02-25,20170225,2017,Q1,2017-Q1,2,February,Feb,2017-02,8,25,Saturday,6,1
2017-02-26,20170226,2017,Q1,2017-Q1,2,February,Feb,2017-02,8,26,Sunday,7,1
2017-02-27,20170227,2017,Q1,2017-Q1,2,February,Feb,2017-02,9,27,Monday,1,0
2017-02-28,20170228,2017,Q1,2017-Q1,2,February,Feb,2017-02,9,28,Tuesday,2,0
2017-03-01,20170301,2017,Q1,2017-Q1,3,March,Mar,2017-03,9,1,Wednesday,3,0
2017-03-02,20170302,2017,Q1,2017-Q1,3,March,Mar,2017-03,9,2,Thursday,4,0
2017-03-03,20170303,2017,Q1,2017-Q1,3,March,Mar,2017-03,9,3,Friday,5,0
2017-03-04,20170304,2017,Q1,2017-Q1,3,March,Mar,2017-03,9,4,Saturday,6,1
2017-03-05,20170305,2017,Q1,2017-Q1,3,March,Mar,2017-03,9,5,Sunday,7,1
2017-03-06,20170306,2017,Q1,2017-Q1,3,March,Mar,2017-03,10,6,Monday,1,0
2017-03-07,20170307,2017,Q1,2017-Q1,3,March,Mar,2017-03,10,7,Tuesday,2,0
2017-03-08,20170308,2017,Q1,2017-Q1,3,March,Mar,2017-03,10,8,Wednesday,3,0
2017-03-09,20170309,2017,Q1,2017-Q1,3,March,Mar,2017-03,10,9,Thursday,4,0
2017-03-10,20170310,2017,Q1,2017-Q1,3,March,Mar,2017-03,10,10,Friday,5,0
2017-03-11,20170311,2017,Q1,2017-Q1,3,March,Mar,2017-03,10,11,Saturday,6,1
2017-03-12,20170312,2017,Q1,2017-Q1,3,March,Mar,2017-03,10,12,Sunday,7,1
2017-03-13,20170313,2017,Q1,2017-Q1,3,March,Mar,2017-03,11,13,Monday,1,0
2017-03-14,20170314,2017,Q1,2017-Q1,3,March,Mar,2017-03,11,14,Tuesday,2,0
2017-03-15,20170315,2017,Q1,2017-Q1,3,March,Mar,2017-03,11,15,Wednesday,3,0
2017-03-16,20170316,2017,Q1,2017-Q1,3,March,Mar,2017-03,11,16,Thursday,4,0
2017-03-17,20170317,2017,Q1,2017-Q1,3,March,Mar,2017-03,11,17,Friday,5,0
2017-03-18,20170318,2017,Q1,2017-Q1,3,March,Mar,2017-03,11,18,Saturday,6,1
2017-03-19,20170319,2017,Q1,2017-Q1,3,March,Mar,2017-03,11,19,Sunday,7,1
2017-03-20,20170320,2017,Q1,2017-Q1,3,March,Mar,2017-03,12,20,Monday,1,0
2017-03-21,20170321,2017,Q1,2017-Q1,3,March,Mar,2017-03,12,21,Tuesday,2,0
2017-03-22,20170322,2017,Q1,2017-Q1,3,March,Mar,2017-03,12,22,Wednesday,3,0
2017-03-23,20170323,2017,Q1,2017-Q1,3,March,Mar,2017-03,12,23,Thursday,4,0
2017-03-24,20170324,2017,Q1,2017-Q1,3,March,Mar,2017-03,12,24,Friday,5,0
2017-03-25,20170325,2017,Q1,2017-Q1,3,March,Mar,2017-03,12,25,Saturday,6,1
2017-03-26,20170326,2017,Q1,2017-Q1,3,March,Mar,2017-03,12,26,Sunday,7,1
2017-03-27,20170327,2017,Q1,2017-Q1,3,March,Mar,2017-03,13,27,Monday,1,0
2017-03-28,20170328,2017,Q1,2017-Q1,3,March,Mar,2017-03,13,28,Tuesday,2,0
2017-03-29,20170329,2017,Q1,2017-Q1,3,March,Mar,2017-03,13,29,Wednesday,3,0
2017-03-30,20170330,2017,Q1,2017-Q1,3,March,Mar,2017-03,13,30,Thursday,4,0
2017-03-31,20170331,2017,Q1,2017-Q1,3,March,Mar,2017-03,13,31,Friday,5,0
2017-04-01,20170401,2017,Q2,2017-Q2,4,April,Apr,2017-04,13,1,Saturday,6,1
2017-04-02,20170402,2017,Q2,2017-Q2,4,April,Apr,2017-04,13,2,Sunday,7,1
2017-04-03,20170403,2017,Q2,2017-Q2,4,April,Apr,2017-04,14,3,Monday,1,0
2017-04-04,20170404,2017,Q2,2017-Q2,4,April,Apr,2017-04,14,4,Tuesday,2,0
2017-04-05,20170405,2017,Q2,2017-Q2,4,April,Apr,2017-04,14,5,Wednesday,3,0
2017-04-06,20170406,2017,Q2,2017-Q2,4,April,Apr,2017-04,14,6,Thursday,4,0
2017-04-07,20170407,2017,Q2,2017-Q2,4,April,Apr,2017-04,14,7,Friday,5,0
2017-04-08,20170408,2017,Q2,2017-Q2,4,April,Apr,2017-04,14,8,Saturday,6,1
2017-04-09,20170409,2017,Q2,2017-Q2,4,April,Apr,2017-04,14,9,Sunday,7,1
2017-04-10,20170410,2017,Q2,2017-Q2,4,April,Apr,2017-04,15,10,Monday,1,0
2017-04-11,20170411,2017,Q2,2017-Q2,4,April,Apr,2017-04,15,11,Tuesday,2,0
2017-04-12,20170412,2017,Q2,2017-Q2,4,April,Apr,2017-04,15,12,Wednesday,3,0
2017-04-13,20170413,2017,Q2,2017-Q2,4,April,Apr,2017-04,15,13,Thursday,4,0
2017-04-14,20170414,2017,Q2,2017-Q2,4,April,Apr,2017-04,15,14,Friday,5,0
2017-04-15,20170415,2017,Q2,2017-Q2,4,April,Apr,2017-04,15,15,Saturday,6,1
2017-04-16,20170416,2017,Q2,2017-Q2,4,April,Apr,2017-04,15,16,Sunday,7,1
2017-04-17,20170417,2017,Q2,2017-Q2,4,April,Apr,2017-04,16,17,Monday,1,0
2017-04-18,20170418,2017,Q2,2017-Q2,4,April,Apr,2017-04,16,18,Tuesday,2,0
2017-04-19,20170419,2017,Q2,2017-Q2,4,April,Apr,2017-04,16,19,Wednesday,3,0
2017-04-20,20170420,2017,Q2,2017-Q2,4,April,Apr,2017-04,16,20,Thursday,4,0
2017-04-21,20170421,2017,Q2,2017-Q2,4,April,Apr,2017-04,16,21,Friday,5,0
2017-04-22,20170422,2017,Q2,2017-Q2,4,April,Apr,2017-04,16,22,Saturday,6,1
2017-04-23,20170423,2017,Q2,2017-Q2,4,April,Apr,2017-04,16,23,Sunday,7,1
2017-04-24,20170424,2017,Q2,2017-Q2,4,April,Apr,2017-04,17,24,Monday,1,0
2017-04-25,20170425,2017,Q2,2017-Q2,4,April,Apr,2017-04,17,25,Tuesday,2,0
2017-04-26,20170426,2017,Q2,2017-Q2,4,April,Apr,2017-04,17,26,Wednesday,3,0
2017-04-27,20170427,2017,Q2,2017-Q2,4,April,Apr,2017-04,17,27,Thursday,4,0
2017-04-28,20170428,2017,Q2,2017-Q2,4,April,Apr,2017-04,17,28,Friday,5,0
2017-04-29,20170429,2017,Q2,2017-Q2,4,April,Apr,2017-04,17,29,Saturday,6,1
2017-04-30,20170430,2017,Q2,2017-Q2,4,April,Apr,2017-04,17,30,Sunday,7,1
2017-05-01,20170501,2017,Q2,2017-Q2,5,May,May,2017-05,18,1,Monday,1,0
2017-05-02,20170502,2017,Q2,2017-Q2,5,May,May,2017-05,18,2,Tuesday,2,0
2017-05-03,20170503,2017,Q2,2017-Q2,5,May,May,2017-05,18,3,Wednesday,3,0
2017-05-04,20170504,2017,Q2,2017-Q2,5,May,May,2017-05,18,4,Thursday,4,0
2017-05-05,20170505,2017,Q2,2017-Q2,5,May,May,2017-05,18,5,Friday,5,0
2017-05-06,20170506,2017,Q2,2017-Q2,5,May,May,2017-05,18,6,Saturday,6,1
2017-05-07,20170507,2017,Q2,2017-Q2,5,May,May,2017-05,18,7,Sunday,7,1
2017-05-08,20170508,2017,Q2,2017-Q2,5,May,May,2017-05,19,8,Monday,1,0
2017-05-09,20170509,2017,Q2,2017-Q2,5,May,May,2017-05,19,9,Tuesday,2,0
2017-05-10,20170510,2017,Q2,2017-Q2,5,May,May,2017-05,19,10,Wednesday,3,0
2017-05-11,20170511,2017,Q2,2017-Q2,5,May,May,2017-05,19,11,Thursday,4,0
2017-05-12,20170512,2017,Q2,2017-Q2,5,May,May,2017-05,19,12,Friday,5,0
2017-05-13,20170513,2017,Q2,2017-Q2,5,May,May,2017-05,19,13,Saturday,6,1
2017-05-14,20170514,2017,Q2,2017-Q2,5,May,May,2017-05,19,14,Sunday,7,1
2017-05-15,20170515,2017,Q2,2017-Q2,5,May,May,2017-05,20,15,Monday,1,0
2017-05-16,20170516,2017,Q2,2017-Q2,5,May,May,2017-05,20,16,Tuesday,2,0
2017-05-17,20170517,2017,Q2,2017-Q2,5,May,May,2017-05,20,17,Wednesday,3,0
2017-05-18,20170518,2017,Q2,2017-Q2,5,May,May,2017-05,20,18,Thursday,4,0
2017-05-19,20170519,2017,Q2,2017-Q2,5,May,May,2017-05,20,19,Friday,5,0
2017-05-20,20170520,2017,Q2,2017-Q2,5,May,May,2017-05,20,20,Saturday,6,1
2017-05-21,20170521,2017,Q2,2017-Q2,5,May,May,2017-05,20,21,Sunday,7,1
2017-05-22,20170522,2017,Q2,2017-Q2,5,May,May,2017-05,21,22,Monday,1,0
2017-05-23,20170523,2017,Q2,2017-Q2,5,May,May,2017-05,21,23,Tuesday,2,0
2017-05-24,20170524,2017,Q2,2017-Q2,5,May,May,2017-05,21,24,Wednesday,3,0
2017-05-25,20170525,2017,Q2,2017-Q2,5,May,May,2017-05,21,25,Thursday,4,0
2017-05-26,20170526,2017,Q2,2017-Q2,5,May,May,2017-05,21,26,Friday,5,0
2017-05-27,20170527,2017,Q2,2017-Q2,5,May,May,2017-05,21,27,Saturday,6,1
2017-05-28,20170528,2017,Q2,2017-Q2,5,May,May,2017-05,21,28,Sunday,7,1
2017-05-29,20170529,2017,Q2,2017-Q2,5,May,May,2017-05,22,29,Monday,1,0
2017-05-30,20170530,2017,Q2,2017-Q2,5,May,May,2017-05,22,30,Tuesday,2,0
2017-05-31,20170531,2017,Q2,2017-Q2,5,May,May,2017-05,22,31,Wednesday,3,0
2017-06-01,20170601,2017,Q2,2017-Q2,6,June,Jun,2017-06,22,1,Thursday,4,0
2017-06-02,20170602,2017,Q2,2017-Q2,6,June,Jun,2017-06,22,2,Friday,5,0
2017-06-03,20170603,2017,Q2,2017-Q2,6,June,Jun,2017-06,22,3,Saturday,6,1
2017-06-04,20170604,2017,Q2,2017-Q2,6,June,Jun,2017-06,22,4,Sunday,7,1
2017-06-05,20170605,2017,Q2,2017-Q2,6,June,Jun,2017-06,23,5,Monday,1,0
2017-06-06,20170606,2017,Q2,2017-Q2,6,June,Jun,2017-06,23,6,Tuesday,2,0
2017-06-07,20170607,2017,Q2,2017-Q2,6,June,Jun,2017-06,23,7,Wednesday,3,0
2017-06-08,20170608,2017,Q2,2017-Q2,6,June,Jun,2017-06,23,8,Thursday,4,0
2017-06-09,20170609,2017,Q2,2017-Q2,6,June,Jun,2017-06,23,9,Friday,5,0
2017-06-10,20170610,2017,Q2,2017-Q2,6,June,Jun,2017-06,23,10,Saturday,6,1
2017-06-11,20170611,2017,Q2,2017-Q2,6,June,Jun,2017-06,23,11,Sunday,7,1
2017-06-12,20170612,2017,Q2,2017-Q2,6,June,Jun,2017-06,24,12,Monday,1,0
2017-06-13,20170613,2017,Q2,2017-Q2,6,June,Jun,2017-06,24,13,Tuesday,2,0
2017-06-14,20170614,2017,Q2,2017-Q2,6,June,Jun,2017-06,24,14,Wednesday,3,0
2017-06-15,20170615,2017,Q2,2017-Q2,6,June,Jun,2017-06,24,15,Thursday,4,0
2017-06-16,20170616,2017,Q2,2017-Q2,6,June,Jun,2017-06,24,16,Friday,5,0
2017-06-17,20170617,2017,Q2,2017-Q2,6,June,Jun,2017-06,24,17,Saturday,6,1
2017-06-18,20170618,2017,Q2,2017-Q2,6,June,Jun,2017-06,24,18,Sunday,7,1
2017-06-19,20170619,2017,Q2,2017-Q2,6,June,Jun,2017-06,25,19,Monday,1,0
2017-06-20,20170620,2017,Q2,2017-Q2,6,June,Jun,2017-06,25,20,Tuesday,2,0
2017-06-21,20170621,2017,Q2,2017-Q2,6,June,Jun,2017-06,25,21,Wednesday,3,0
2017-06-22,20170622,2017,Q2,2017-Q2,6,June,Jun,2017-06,25,22,Thursday,4,0
2017-06-23,20170623,2017,Q2,2017-Q2,6,June,Jun,2017-06,25,23,Friday,5,0
2017-06-24,20170624,2017,Q2,2017-Q2,6,June,Jun,2017-06,25,24,Saturday,6,1
2017-06-25,20170625,2017,Q2,2017-Q2,6,June,Jun,2017-06,25,25,Sunday,7,1
2017-06-26,20170626,2017,Q2,2017-Q2,6,June,Jun,2017-06,26,26,Monday,1,0
2017-06-27,20170627,2017,Q2,2017-Q2,6,June,Jun,2017-06,26,27,Tuesday,2,0
2017-06-28,20170628,2017,Q2,2017-Q2,6,June,Jun,2017-06,26,28,Wednesday,3,0
2017-06-29,20170629,2017,Q2,2017-Q2,6,June,Jun,2017-06,26,29,Thursday,4,0
2017-06-30,20170630,2017,Q2,2017-Q2,6,June,Jun,2017-06,26,30,Friday,5,0
2017-07-01,20170701,2017,Q3,2017-Q3,7,July,Jul,2017-07,26,1,Saturday,6,1
2017-07-02,20170702,2017,Q3,2017-Q3,7,July,Jul,2017-07,26,2,Sunday,7,1
2017-07-03,20170703,2017,Q3,2017-Q3,7,July,Jul,2017-07,27,3,Monday,1,0
2017-07-04,20170704,2017,Q3,2017-Q3,7,July,Jul,2017-07,27,4,Tuesday,2,0
2017-07-05,20170705,2017,Q3,2017-Q3,7,July,Jul,2017-07,27,5,Wednesday,3,0
2017-07-06,20170706,2017,Q3,2017-Q3,7,July,Jul,2017-07,27,6,Thursday,4,0
2017-07-07,20170707,2017,Q3,2017-Q3,7,July,Jul,2017-07,27,7,Friday,5,0
2017-07-08,20170708,2017,Q3,2017-Q3,7,July,Jul,2017-07,27,8,Saturday,6,1
2017-07-09,20170709,2017,Q3,2017-Q3,7,July,Jul,2017-07,27,9,Sunday,7,1
2017-07-10,20170710,2017,Q3,2017-Q3,7,July,Jul,2017-07,28,10,Monday,1,0
2017-07-11,20170711,2017,Q3,2017-Q3,7,July,Jul,2017-07,28,11,Tuesday,2,0
2017-07-12,20170712,2017,Q3,2017-Q3,7,July,Jul,2017-07,28,12,Wednesday,3,0
2017-07-13,20170713,2017,Q3,2017-Q3,7,July,Jul,2017-07,28,13,Thursday,4,0
2017-07-14,20170714,2017,Q3,2017-Q3,7,July,Jul,2017-07,28,14,Friday,5,0
2017-07-15,20170715,2017,Q3,2017-Q3,7,July,Jul,2017-07,28,15,Saturday,6,1
2017-07-16,20170716,2017,Q3,2017-Q3,7,July,Jul,2017-07,28,16,Sunday,7,1
2017-07-17,20170717,2017,Q3,2017-Q3,7,July,Jul,2017-07,29,17,Monday,1,0
2017-07-18,20170718,2017,Q3,2017-Q3,7,July,Jul,2017-07,29,18,Tuesday,2,0
2017-07-19,20170719,2017,Q3,2017-Q3,7,July,Jul,2017-07,29,19,Wednesday,3,0
2017-07-20,20170720,2017,Q3,2017-Q3,7,July,Jul,2017-07,29,20,Thursday,4,0
2017-07-21,20170721,2017,Q3,2017-Q3,7,July,Jul,2017-07,29,21,Friday,5,0
2017-07-22,20170722,2017,Q3,2017-Q3,7,July,Jul,2017-07,29,22,Saturday,6,1
2017-07-23,20170723,2017,Q3,2017-Q3,7,July,Jul,2017-07,29,23,Sunday,7,1
2017-07-24,20170724,2017,Q3,2017-Q3,7,July,Jul,2017-07,30,24,Monday,1,0
2017-07-25,20170725,2017,Q3,2017-Q3,7,July,Jul,2017-07,30,25,Tuesday,2,0
2017-07-26,20170726,2017,Q3,2017-Q3,7,July,Jul,2017-07,30,26,Wednesday,3,0
2017-07-27,20170727,2017,Q3,2017-Q3,7,July,Jul,2017-07,30,27,Thursday,4,0
2017-07-28,20170728,2017,Q3,2017-Q3,7,July,Jul,2017-07,30,28,Friday,5,0
2017-07-29,20170729,2017,Q3,2017-Q3,7,July,Jul,2017-07,30,29,Saturday,6,1
2017-07-30,20170730,2017,Q3,2017-Q3,7,July,Jul,2017-07,30,30,Sunday,7,1
2017-07-31,20170731,2017,Q3,2017-Q3,7,July,Jul,2017-07,31,31,Monday,1,0
2017-08-01,20170801,2017,Q3,2017-Q3,8,August,Aug,2017-08,31,1,Tuesday,2,0
2017-08-02,20170802,2017,Q3,2017-Q3,8,August,Aug,2017-08,31,2,Wednesday,3,0
2017-08-03,20170803,2017,Q3,2017-Q3,8,August,Aug,2017-08,31,3,Thursday,4,0
2017-08-04,20170804,2017,Q3,2017-Q3,8,August,Aug,2017-08,31,4,Friday,5,0
2017-08-05,20170805,2017,Q3,2017-Q3,8,August,Aug,2017-08,31,5,Saturday,6,1
2017-08-06,20170806,2017,Q3,2017-Q3,8,August,Aug,2017-08,31,6,Sunday,7,1
2017-08-07,20170807,2017,Q3,2017-Q3,8,August,Aug,2017-08,32,7,Monday,1,0
2017-08-08,20170808,2017,Q3,2017-Q3,8,August,Aug,2017-08,32,8,Tuesday,2,0
2017-08-09,20170809,2017,Q3,2017-Q3,8,August,Aug,2017-08,32,9,Wednesday,3,0
2017-08-10,20170810,2017,Q3,2017-Q3,8,August,Aug,2017-08,32,10,Thursday,4,0
2017-08-11,20170811,2017,Q3,2017-Q3,8,August,Aug,2017-08,32,11,Friday,5,0
2017-08-12,20170812,2017,Q3,2017-Q3,8,August,Aug,2017-08,32,12,Saturday,6,1
2017-08-13,20170813,2017,Q3,2017-Q3,8,August,Aug,2017-08,32,13,Sunday,7,1
2017-08-14,20170814,2017,Q3,2017-Q3,8,August,Aug,2017-08,33,14,Monday,1,0
2017-08-15,20170815,2017,Q3,2017-Q3,8,August,Aug,2017-08,33,15,Tuesday,2,0
2017-08-16,20170816,2017,Q3,2017-Q3,8,August,Aug,2017-08,33,16,Wednesday,3,0
2017-08-17,20170817,2017,Q3,2017-Q3,8,August,Aug,2017-08,33,17,Thursday,4,0
2017-08-18,20170818,2017,Q3,2017-Q3,8,August,Aug,2017-08,33,18,Friday,5,0
2017-08-19,20170819,2017,Q3,2017-Q3,8,August,Aug,2017-08,33,19,Saturday,6,1
2017-08-20,20170820,2017,Q3,2017-Q3,8,August,Aug,2017-08,33,20,Sunday,7,1
2017-08-21,20170821,2017,Q3,2017-Q3,8,August,Aug,2017-08,34,21,Monday,1,0
2017-08-22,20170822,2017,Q3,2017-Q3,8,August,Aug,2017-08,34,22,Tuesday,2,0
2017-08-23,20170823,2017,Q3,2017-Q3,8,August,Aug,2017-08,34,23,Wednesday,3,0
2017-08-24,20170824,2017,Q3,2017-Q3,8,August,Aug,2017-08,34,24,Thursday,4,0
2017-08-25,20170825,2017,Q3,2017-Q3,8,August,Aug,2017-08,34,25,Friday,5,0
2017-08-26,20170826,2017,Q3,2017-Q3,8,August,Aug,2017-08,34,26,Saturday,6,1
2017-08-27,20170827,2017,Q3,2017-Q3,8,August,Aug,2017-08,34,27,Sunday,7,1
2017-08-28,20170828,2017,Q3,2017-Q3,8,August,Aug,2017-08,35,28,Monday,1,0
2017-08-29,20170829,2017,Q3,2017-Q3,8,August,Aug,2017-08,35,29,Tuesday,2,0
2017-08-30,20170830,2017,Q3,2017-Q3,8,August,Aug,2017-08,35,30,Wednesday,3,0
2017-08-31,20170831,2017,Q3,2017-Q3,8,August,Aug,2017-08,35,31,Thursday,4,0
2017-09-01,20170901,2017,Q3,2017-Q3,9,September,Sep,2017-09,35,1,Friday,5,0
2017-09-02,20170902,2017,Q3,2017-Q3,9,September,Sep,2017-09,35,2,Saturday,6,1
2017-09-03,20170903,2017,Q3,2017-Q3,9,September,Sep,2017-09,35,3,Sunday,7,1
2017-09-04,20170904,2017,Q3,2017-Q3,9,September,Sep,2017-09,36,4,Monday,1,0
2017-09-05,20170905,2017,Q3,2017-Q3,9,September,Sep,2017-09,36,5,Tuesday,2,0
2017-09-06,20170906,2017,Q3,2017-Q3,9,September,Sep,2017-09,36,6,Wednesday,3,0
2017-09-07,20170907,2017,Q3,2017-Q3,9,September,Sep,2017-09,36,7,Thursday,4,0
2017-09-08,20170908,2017,Q3,2017-Q3,9,September,Sep,2017-09,36,8,Friday,5,0
2017-09-09,20170909,2017,Q3,2017-Q3,9,September,Sep,2017-09,36,9,Saturday,6,1
2017-09-10,20170910,2017,Q3,2017-Q3,9,September,Sep,2017-09,36,10,Sunday,7,1
2017-09-11,20170911,2017,Q3,2017-Q3,9,September,Sep,2017-09,37,11,Monday,1,0
2017-09-12,20170912,2017,Q3,2017-Q3,9,September,Sep,2017-09,37,12,Tuesday,2,0
2017-09-13,20170913,2017,Q3,2017-Q3,9,September,Sep,2017-09,37,13,Wednesday,3,0
2017-09-14,20170914,2017,Q3,2017-Q3,9,September,Sep,2017-09,37,14,Thursday,4,0
2017-09-15,20170915,2017,Q3,2017-Q3,9,September,Sep,2017-09,37,15,Friday,5,0
2017-09-16,20170916,2017,Q3,2017-Q3,9,September,Sep,2017-09,37,16,Saturday,6,1
2017-09-17,20170917,2017,Q3,2017-Q3,9,September,Sep,2017-09,37,17,Sunday,7,1
2017-09-18,20170918,2017,Q3,2017-Q3,9,September,Sep,2017-09,38,18,Monday,1,0
2017-09-19,20170919,2017,Q3,2017-Q3,9,September,Sep,2017-09,38,19,Tuesday,2,0
2017-09-20,20170920,2017,Q3,2017-Q3,9,September,Sep,2017-09,38,20,Wednesday,3,0
2017-09-21,20170921,2017,Q3,2017-Q3,9,September,Sep,2017-09,38,21,Thursday,4,0
2017-09-22,20170922,2017,Q3,2017-Q3,9,September,Sep,2017-09,38,22,Friday,5,0
2017-09-23,20170923,2017,Q3,2017-Q3,9,September,Sep,2017-09,38,23,Saturday,6,1
2017-09-24,20170924,2017,Q3,2017-Q3,9,September,Sep,2017-09,38,24,Sunday,7,1
2017-09-25,20170925,2017,Q3,2017-Q3,9,September,Sep,2017-09,39,25,Monday,1,0
2017-09-26,20170926,2017,Q3,2017-Q3,9,September,Sep,2017-09,39,26,Tuesday,2,0
2017-09-27,20170927,2017,Q3,2017-Q3,9,September,Sep,2017-09,39,27,Wednesday,3,0
2017-09-28,20170928,2017,Q3,2017-Q3,9,September,Sep,2017-09,39,28,Thursday,4,0
2017-09-29,20170929,2017,Q3,2017-Q3,9,September,Sep,2017-09,39,29,Friday,5,0
2017-09-30,20170930,2017,Q3,2017-Q3,9,September,Sep,2017-09,39,30,Saturday,6,1
2017-10-01,20171001,2017,Q4,2017-Q4,10,October,Oct,2017-10,39,1,Sunday,7,1
2017-10-02,20171002,2017,Q4,2017-Q4,10,October,Oct,2017-10,40,2,Monday,1,0
2017-10-03,20171003,2017,Q4,2017-Q4,10,October,Oct,2017-10,40,3,Tuesday,2,0
2017-10-04,20171004,2017,Q4,2017-Q4,10,October,Oct,2017-10,40,4,Wednesday,3,0
2017-10-05,20171005,2017,Q4,2017-Q4,10,October,Oct,2017-10,40,5,Thursday,4,0
2017-10-06,20171006,2017,Q4,2017-Q4,10,October,Oct,2017-10,40,6,Friday,5,0
2017-10-07,20171007,2017,Q4,2017-Q4,10,October,Oct,2017-10,40,7,Saturday,6,1
2017-10-08,20171008,2017,Q4,2017-Q4,10,October,Oct,2017-10,40,8,Sunday,7,1
2017-10-09,20171009,2017,Q4,2017-Q4,10,October,Oct,2017-10,41,9,Monday,1,0
2017-10-10,20171010,2017,Q4,2017-Q4,10,October,Oct,2017-10,41,10,Tuesday,2,0
2017-10-11,20171011,2017,Q4,2017-Q4,10,October,Oct,2017-10,41,11,Wednesday,3,0
2017-10-12,20171012,2017,Q4,2017-Q4,10,October,Oct,2017-10,41,12,Thursday,4,0
2017-10-13,20171013,2017,Q4,2017-Q4,10,October,Oct,2017-10,41,13,Friday,5,0
2017-10-14,20171014,2017,Q4,2017-Q4,10,October,Oct,2017-10,41,14,Saturday,6,1
2017-10-15,20171015,2017,Q4,2017-Q4,10,October,Oct,2017-10,41,15,Sunday,7,1
2017-10-16,20171016,2017,Q4,2017-Q4,10,October,Oct,2017-10,42,16,Monday,1,0
2017-10-17,20171017,2017,Q4,2017-Q4,10,October,Oct,2017-10,42,17,Tuesday,2,0
2017-10-18,20171018,2017,Q4,2017-Q4,10,October,Oct,2017-10,42,18,Wednesday,3,0
2017-10-19,20171019,2017,Q4,2017-Q4,10,October,Oct,2017-10,42,19,Thursday,4,0
2017-10-20,20171020,2017,Q4,2017-Q4,10,October,Oct,2017-10,42,20,Friday,5,0
2017-10-21,20171021,2017,Q4,2017-Q4,10,October,Oct,2017-10,42,21,Saturday,6,1
2017-10-22,20171022,2017,Q4,2017-Q4,10,October,Oct,2017-10,42,22,Sunday,7,1
2017-10-23,20171023,2017,Q4,2017-Q4,10,October,Oct,2017-10,43,23,Monday,1,0
2017-10-24,20171024,2017,Q4,2017-Q4,10,October,Oct,2017-10,43,24,Tuesday,2,0
2017-10-25,20171025,2017,Q4,2017-Q4,10,October,Oct,2017-10,43,25,Wednesday,3,0
2017-10-26,20171026,2017,Q4,2017-Q4,10,October,Oct,2017-10,43,26,Thursday,4,0
2017-10-27,20171027,2017,Q4,2017-Q4,10,October,Oct,2017-10,43,27,Friday,5,0
2017-10-28,20171028,2017,Q4,2017-Q4,10,October,Oct,2017-10,43,28,Saturday,6,1
2017-10-29,20171029,2017,Q4,2017-Q4,10,October,Oct,2017-10,43,29,Sunday,7,1
2017-10-30,20171030,2017,Q4,2017-Q4,10,October,Oct,2017-10,44,30,Monday,1,0
2017-10-31,20171031,2017,Q4,2017-Q4,10,October,Oct,2017-10,44,31,Tuesday,2,0
2017-11-01,20171101,2017,Q4,2017-Q4,11,November,Nov,2017-11,44,1,Wednesday,3,0
2017-11-02,20171102,2017,Q4,2017-Q4,11,November,Nov,2017-11,44,2,Thursday,4,0
2017-11-03,20171103,2017,Q4,2017-Q4,11,November,Nov,2017-11,44,3,Friday,5,0
2017-11-04,20171104,2017,Q4,2017-Q4,11,November,Nov,2017-11,44,4,Saturday,6,1
2017-11-05,20171105,2017,Q4,2017-Q4,11,November,Nov,2017-11,44,5,Sunday,7,1
2017-11-06,20171106,2017,Q4,2017-Q4,11,November,Nov,2017-11,45,6,Monday,1,0
2017-11-07,20171107,2017,Q4,2017-Q4,11,November,Nov,2017-11,45,7,Tuesday,2,0
2017-11-08,20171108,2017,Q4,2017-Q4,11,November,Nov,2017-11,45,8,Wednesday,3,0
2017-11-09,20171109,2017,Q4,2017-Q4,11,November,Nov,2017-11,45,9,Thursday,4,0
2017-11-10,20171110,2017,Q4,2017-Q4,11,November,Nov,2017-11,45,10,Friday,5,0
2017-11-11,20171111,2017,Q4,2017-Q4,11,November,Nov,2017-11,45,11,Saturday,6,1
2017-11-12,20171112,2017,Q4,2017-Q4,11,November,Nov,2017-11,45,12,Sunday,7,1
2017-11-13,20171113,2017,Q4,2017-Q4,11,November,Nov,2017-11,46,13,Monday,1,0
2017-11-14,20171114,2017,Q4,2017-Q4,11,November,Nov,2017-11,46,14,Tuesday,2,0
2017-11-15,20171115,2017,Q4,2017-Q4,11,November,Nov,2017-11,46,15,Wednesday,3,0
2017-11-16,20171116,2017,Q4,2017-Q4,11,November,Nov,2017-11,46,16,Thursday,4,0
2017-11-17,20171117,2017,Q4,2017-Q4,11,November,Nov,2017-11,46,17,Friday,5,0
2017-11-18,20171118,2017,Q4,2017-Q4,11,November,Nov,2017-11,46,18,Saturday,6,1
2017-11-19,20171119,2017,Q4,2017-Q4,11,November,Nov,2017-11,46,19,Sunday,7,1
2017-11-20,20171120,2017,Q4,2017-Q4,11,November,Nov,2017-11,47,20,Monday,1,0
2017-11-21,20171121,2017,Q4,2017-Q4,11,November,Nov,2017-11,47,21,Tuesday,2,0
2017-11-22,20171122,2017,Q4,2017-Q4,11,November,Nov,2017-11,47,22,Wednesday,3,0
2017-11-23,20171123,2017,Q4,2017-Q4,11,November,Nov,2017-11,47,23,Thursday,4,0
2017-11-24,20171124,2017,Q4,2017-Q4,11,November,Nov,2017-11,47,24,Friday,5,0
2017-11-25,20171125,2017,Q4,2017-Q4,11,November,Nov,2017-11,47,25,Saturday,6,1
2017-11-26,20171126,2017,Q4,2017-Q4,11,November,Nov,2017-11,47,26,Sunday,7,1
2017-11-27,20171127,2017,Q4,2017-Q4,11,November,Nov,2017-11,48,27,Monday,1,0
2017-11-28,20171128,2017,Q4,2017-Q4,11,November,Nov,2017-11,48,28,Tuesday,2,0
2017-11-29,20171129,2017,Q4,2017-Q4,11,November,Nov,2017-11,48,29,Wednesday,3,0
2017-11-30,20171130,2017,Q4,2017-Q4,11,November,Nov,2017-11,48,30,Thursday,4,0
2017-12-01,20171201,2017,Q4,2017-Q4,12,December,Dec,2017-12,48,1,Friday,5,0
2017-12-02,20171202,2017,Q4,2017-Q4,12,December,Dec,2017-12,48,2,Saturday,6,1
2017-12-03,20171203,2017,Q4,2017-Q4,12,December,Dec,2017-12,48,3,Sunday,7,1
2017-12-04,20171204,2017,Q4,2017-Q4,12,December,Dec,2017-12,49,4,Monday,1,0
2017-12-05,20171205,2017,Q4,2017-Q4,12,December,Dec,2017-12,49,5,Tuesday,2,0
2017-12-06,20171206,2017,Q4,2017-Q4,12,December,Dec,2017-12,49,6,Wednesday,3,0
2017-12-07,20171207,2017,Q4,2017-Q4,12,December,Dec,2017-12,49,7,Thursday,4,0
2017-12-08,20171208,2017,Q4,2017-Q4,12,December,Dec,2017-12,49,8,Friday,5,0
2017-12-09,20171209,2017,Q4,2017-Q4,12,December,Dec,2017-12,49,9,Saturday,6,1
2017-12-10,20171210,2017,Q4,2017-Q4,12,December,Dec,2017-12,49,10,Sunday,7,1
2017-12-11,20171211,2017,Q4,2017-Q4,12,December,Dec,2017-12,50,11,Monday,1,0
2017-12-12,20171212,2017,Q4,2017-Q4,12,December,Dec,2017-12,50,12,Tuesday,2,0
2017-12-13,20171213,2017,Q4,2017-Q4,12,December,Dec,2017-12,50,13,Wednesday,3,0
2017-12-14,20171214,2017,Q4,2017-Q4,12,December,Dec,2017-12,50,14,Thursday,4,0
2017-12-15,20171215,2017,Q4,2017-Q4,12,December,Dec,2017-12,50,15,Friday,5,0
2017-12-16,20171216,2017,Q4,2017-Q4,12,December,Dec,2017-12,50,16,Saturday,6,1
2017-12-17,20171217,2017,Q4,2017-Q4,12,December,Dec,2017-12,50,17,Sunday,7,1
2017-12-18,20171218,2017,Q4,2017-Q4,12,December,Dec,2017-12,51,18,Monday,1,0
2017-12-19,20171219,2017,Q4,2017-Q4,12,December,Dec,2017-12,51,19,Tuesday,2,0
2017-12-20,20171220,2017,Q4,2017-Q4,12,December,Dec,2017-12,51,20,Wednesday,3,0
2017-12-21,20171221,2017,Q4,2017-Q4,12,December,Dec,2017-12,51,21,Thursday,4,0
2017-12-22,20171222,2017,Q4,2017-Q4,12,December,Dec,2017-12,51,22,Friday,5,0
2017-12-23,20171223,2017,Q4,2017-Q4,12,December,Dec,2017-12,51,23,Saturday,6,1
2017-12-24,20171224,2017,Q4,2017-Q4,12,December,Dec,2017-12,51,24,Sunday,7,1
2017-12-25,20171225,2017,Q4,2017-Q4,12,December,Dec,2017-12,52,25,Monday,1,0
2017-12-26,20171226,2017,Q4,2017-Q4,12,December,Dec,2017-12,52,26,Tuesday,2,0
2017-12-27,20171227,2017,Q4,2017-Q4,12,December,Dec,2017-12,52,27,Wednesday,3,0
2017-12-28,20171228,2017,Q4,2017-Q4,12,December,Dec,2017-12,52,28,Thursday,4,0
2017-12-29,20171229,2017,Q4,2017-Q4,12,December,Dec,2017-12,52,29,Friday,5,0
2017-12-30,20171230,2017,Q4,2017-Q4,12,December,Dec,2017-12,52,30,Saturday,6,1
2017-12-31,20171231,2017,Q4,2017-Q4,12,December,Dec,2017-12,52,31,Sunday,7,1
2018-01-01,20180101,2018,Q1,2018-Q1,1,January,Jan,2018-01,1,1,Monday,1,0
2018-01-02,20180102,2018,Q1,2018-Q1,1,January,Jan,2018-01,1,2,Tuesday,2,0
2018-01-03,20180103,2018,Q1,2018-Q1,1,January,Jan,2018-01,1,3,Wednesday,3,0
2018-01-04,20180104,2018,Q1,2018-Q1,1,January,Jan,2018-01,1,4,Thursday,4,0
2018-01-05,20180105,2018,Q1,2018-Q1,1,January,Jan,2018-01,1,5,Friday,5,0
